-- Para que las fechas funcionen en pgAdmin.
SET datestyle = "ISO, MDY";

-- REGISTROS PARA CLIENTES
INSERT INTO cliente(idPersona,nombre,paterno,materno,genero) VALUES 
(1,'Pedro','Castillo','Flores','H'),
(2,'Sergio','Jimenez','Morales','X'),
(3,'Daniel','Gonzalez','Torres','M'),
(4,'Jorge','Sanchez','Reyes','X'),
(5,'Manuel','Romero','Jimenez','X'),
(6,'Gerardo','Castillo','Ramirez','M'),
(7,'Hector','Moreno','Morales','M'),
(8,'David','Hernandez','Ramirez','M'),
(9,'Hector','Martinez','Suarez','H'),
(10,'Leticia','Romero','Reyes','X'),
(11,'Leticia','Rivera','Garcia','H'),
(12,'Claudia','Ramirez','Cortez','M'),
(13,'angeloscar','Morales','Suarez','H'),
(14,'Ricardo','Mendoza','Campos','X'),
(15,'angeloscar','Lopez','Garcia','H'),
(16,'Jesus','Hernandez','Jimenez','H'),
(17,'Claudia','Martinez','Vazquez','H'),
(18,'Raul','Vargas','Gomez','X'),
(19,'Ricardo','Torres','Perez','H'),
(20,'Maria','Romero','Silva','X'),
(21,'Guadalupe','Vargas','Pena','X'),
(22,'Veronica','Perez','Rodriguez','H'),
(23,'Silvia','Hernandez','Herrera','H'),
(24,'Rafael','Moreno','Morales','H'),
(25,'Raul','Diaz','Delgado','M'),
(26,'Claudia','Romero','Morales','M'),
(27,'Javier','Perez','Gomez','X'),
(28,'Blanca','Hernandez','Torres','H'),
(29,'Silvia','Rivera','Lopez','H'),
(30,'Jesus','Flores','Chavez','X'),
(31,'Hector','Rodriguez','Rios','H'),
(32,'Guadalupe','Ramirez','Ramos','M'),
(33,'Gloria','Garcia','Moreno','X'),
(34,'Luis','Gonzalez','Morales','M'),
(35,'Jesus','Moreno','Romero','M'),
(36,'Martha','Sanchez','Moreno','X'),
(37,'Martha','Gomez','Vargas','M'),
(38,'Teresa','Jimenez','Jimenez','H'),
(39,'Leticia','Garcia','Gonzalez','H'),
(40,'Enrique','Gomez','Gonzalez','H'),
(41,'Antonio','Flores','Moreno','M'),
(42,'Daniel','Hernandez','Cruz','M'),
(43,'Norma','Torres','Lopez','H'),
(44,'Claudia','Santos','Campos','M'),
(45,'Claudia','Torres','Reyes','H'),
(46,'Miguel','Hernandez','Vazquez','H'),
(47,'Norma','Castillo','Lopez','H'),
(48,'David','Gonzalez','Santiago','X'),
(49,'Victor','Gomez','Navarro','X'),
(50,'Ana','Cruz','Gutierrez','X'),
(51,'Sergio','Torres','Gonzalez','X'),
(52,'Julio','Mendoza','Medina','X'),
(53,'Raul','Reyes','Ortiz','H'),
(54,'Gerardo','Morales','Ramos','H'),
(55,'Silvia','Moreno','Reyes','H'),
(56,'Francisco','Perez','Acosta','X'),
(57,'Pedro','Ortiz','Cruz','M'),
(58,'Eduardo','Mendoza','Sanchez','X'),
(59,'Raul','Cruz','Fernandez','M'),
(60,'Alma','Ortiz','Cruz','X'),
(61,'Juana','Reyes','Diaz','X'),
(62,'Hector','Diaz','Hernandez','H'),
(63,'Ricardo','Garcia','Suarez','M'),
(64,'Rafael','Sanchez','Garcia','X'),
(65,'Patricia','Reyes','Rodriguez','H'),
(66,'Victor','Perez','Delgado','M'),
(67,'Eduardo','Romero','Delgado','X'),
(68,'Patricia','Hernandez','Mendoza','X'),
(69,'Veronica','Cruz','Vargas','X'),
(70,'Jose','Sanchez','Ortiz','M'),
(71,'Silvia','Martinez','Alvarez','H'),
(72,'Patricia','Garcia','Rios','M'),
(73,'Enrique','Ortiz','Herrera','X'),
(74,'Aaron','Gonzalez','Cruz','X'),
(75,'Claudia','Gomez','Delgado','X'),
(76,'Veronica','Diaz','Navarro','H'),
(77,'Rafael','Rivera','Rivera','H'),
(78,'Julio','Hernandez','Gomez','M'),
(79,'Luis','Hernandez','Cortez','M'),
(80,'Adrian','Garcia','Gomez','X'),
(81,'Ricardo','Sanchez','Martinez','H'),
(82,'Guadalupe','Lopez','Alvarez','M'),
(83,'Laura','Rodriguez','Suarez','H'),
(84,'Ricardo','Torres','Sanchez','M'),
(85,'Teresa','Ortiz','Navarro','M'),
(86,'Aaron','Diaz','Reyes','X'),
(87,'Enrique','Mendoza','Castillo','H'),
(88,'Julio','Garcia','Cortez','X'),
(89,'Alejandro','Morales','Herrera','X'),
(90,'Antonio','Rivera','Acosta','M'),
(91,'Teresa','Hernandez','Morales','H'),
(92,'Manuel','Diaz','Silva','H'),
(93,'Ana','Romero','Mendoza','X'),
(94,'Claudia','Rivera','Ramos','X'),
(95,'Ricardo','Rivera','Ortiz','H'),
(96,'Luis','Hernandez','Ramirez','X'),
(97,'Antonio','Perez','Rios','M'),
(98,'Enrique','Moreno','Cruz','H'),
(99,'Norma','Gomez','Delgado','X'),
(100,'Francisco','Ramirez','Alvarez','H'),
(101,'Norma','Diaz','Cruz','H'),
(102,'Maria','Torres','Cortez','H'),
(103,'Martha','Rodriguez','Mendoza','M'),
(104,'Patricia','Gomez','Jimenez','H'),
(105,'Teresa','Ortiz','Delgado','X');




-- REGISTROS PARA PROVEEDOR
INSERT INTO proveedor(idPersona,nombre,paterno,materno,genero,rfc,fechNacimiento,calle,numInterior,numExterior,colonia,estado,fechInicioC,fechFinC,producto,frecuencia,costo) VALUES
(1,'Manuel','Rivera','Castillo','M','ORPU407724F1C','02/04/1961','Tacuba',17,52,'Centro Historico','Mexico','11/24/1982','08/28/2027',10059.63,14,893.96),
(2,'Teresa','Flores','Suarez','X','EXNB15435427S','03/23/1987','Av. Chapultepec',21,36,'Juarez','Durango','08/07/1988','09/21/2023',11281.98,8,2538.97),
(3,'Sergio','Sanchez','Torres','H','WBCR34647559Q','02/25/1966','Reforma',16,45,'Napoles','Durango','11/07/1968','04/08/2032',11804.18,8,1784.67),
(4,'Eduardo','Flores','Sanchez','H','PSOK2494614K0','11/06/1963','Av. Chapultepec',65,08,'Santa Fe','Chiapas','03/23/2000','11/28/2031',6200.63,14,3287.46),
(5,'Manuel','Moreno','Flores','M','BHBE524501Z51','08/02/1988','Balderas',41,58,'Mixcoac','Chiapas','12/03/2000','02/20/2030',6302.54,3,3692.5),
(6,'Luis','Santos','Lopez','X','SHXX3442595TB','11/28/1974','Tacuba',01,38,'Polanco','Mexico','03/29/1989','12/03/2030',11259.69,2,2537.75),
(7,'Jorge','Gomez','Morales','X','PLEG3301991YV','08/03/1967','Tacuba',59,51,'Lomas de Chapultepec','Hidalgo','11/29/1997','09/07/2023',7631.73,8,2472.6),
(8,'Pedro','Morales','Garcia','M','IQFE091638722','01/05/2000','Madero',78,72,'Centro Historico','Guanajuato','08/22/2000','01/27/2023',7808.73,1,2720.49),
(9,'Aaron','Flores','Acosta','X','AQLH03744654G','08/01/1968','Tacuba',59,74,'Lomas de Chapultepec','Baja California','12/23/2000','08/06/2024',7939.35,8,4501.08),
(10,'Gerardo','Vargas','Morales','M','UBRL96262154Q','12/21/2000','Hidalgo',56,65,'Coyoacan','Coahuila','11/27/2005','11/02/2032',11033.28,3,3622.67),
(11,'Francisco','Rodriguez','Alvarez','H','LKVZ1468877ZV','12/03/1978','Juarez',29,78,'Napoles','Hidalgo','07/03/1994','06/07/2032',8149.82,12,4237.53),
(12,'Adrian','Reyes','Mendoza','M','DWMH205335IML','12/03/1970','Av. Chapultepec',42,17,'Lomas de Chapultepec','Baja California Sur','08/06/2000','02/08/2031',6798.1,3,4594.52),
(13,'Maria','Perez','Gonzalez','H','RYTO082191EG9','12/21/1960','Hidalgo',07,19,'San angel','Chihuahua','11/06/1969','06/06/2032',11790.52,4,4184.7),
(14,'Antonio','Perez','Cabrera','H','TRSJ508680O80','06/20/1963','Tacuba',64,01,'Santa Fe','Guanajuato','01/27/2005','06/20/2031',9267.73,12,3688.19),
(15,'Gloria','Reyes','Torres','X','AGMO24098655V','03/06/1967','Juarez',76,84,'Polanco','Mexico','12/29/1991','08/27/2026',9330.54,14,4181.28),
(16,'Rafael','Sanchez','Perez','X','CJHG470446OZ9','04/04/1961','Paseo de la Reforma',34,56,'Napoles','Colima','01/25/1984','02/05/2024',6788.73,11,3206.87),
(17,'Raul','Cruz','Cabrera','M','LVXM289959746','12/26/1964','Madero',64,75,'San Jeronimo','Chiapas','04/22/1982','11/27/2023',11213.74,9,2877.16),
(18,'Antonio','Vargas','Gutierrez','M','WDQB669057P9P','11/09/1973','Tacuba',62,64,'Lomas de Chapultepec','Hidalgo','12/21/1993','12/09/2032',9329.55,1,3924.33),
(19,'Ana','Mendoza','Martinez','M','KQDD591336SSO','06/09/1969','Paseo de la Reforma',33,71,'Polanco','Michoacan','05/25/1969','12/28/2028',11591.77,4,1434.97),
(20,'Alma','Moreno','Rivera','H','EBDF446543I5L','02/24/1967','Av. Chapultepec',22,11,'Anzures','Michoacan','12/08/1977','11/25/2032',8554.8,6,2342.56),
(21,'Manuel','Vargas','Torres','M','VKVT386173ZT3','02/23/1969','Paseo de la Reforma',62,85,'Del Valle','Campeche','11/24/1977','03/26/2029',9139.96,2,4708.07),
(22,'Leticia','Rodriguez','Lopez','H','ZTMZ3185846F4','11/27/1960','Paseo de la Reforma',68,15,'San angel','Mexico','12/03/1997','12/02/2012',6302.99,7,1375.67),
(23,'Javier','Ramirez','Cabrera','X','INHD550937O85','03/24/1989','Balderas',25,73,'Polanco','Jalisco','04/29/2002','02/05/2020',9448.17,10,3687.28),
(24,'Pedro','Gomez','Aguilar','M','QWBP773505S02','12/02/1985','Hidalgo',09,56,'Condesa','Chihuahua','12/07/2000','11/04/2013',5850.08,14,4106.36),
(25,'Rosa','Torres','Herrera','M','KNFG708134S3N','11/22/1962','Tacuba',07,64,'Anzures','Durango','12/09/1978','07/05/2010',6830.31,11,550.94),
(26,'Jose','Santos','Jimenez','H','DUAD299013M56','12/02/1984','Madero',68,04,'Polanco','Jalisco','01/25/2003','12/25/2005',8832.31,2,3916.26),
(27,'Mario','Ramirez','Flores','X','ZMLD245526362','06/23/1976','Balderas',13,24,'Centro Historico','Michoacan','05/05/2003','08/21/2003',6630.35,3,4807.29),
(28,'Silvia','Reyes','Alvarez','M','FKYW8214803PJ','06/07/1985','Av. Chapultepec',51,01,'Polanco','Guerrero','03/24/1986','11/03/2010',9142.79,10,3018.37),
(29,'Arturo','Castillo','Herrera','M','SGGJ249798418','11/27/1993','Paseo de la Reforma',82,65,'Centro Historico','Michoacan','01/05/1994','12/25/2013',11217.44,6,1980.05),
(30,'Mario','Cruz','Vargas','H','WXEE9823407M8','11/05/2000','Paseo de la Reforma',78,25,'Centro Historico','Durango','09/01/2002','03/03/2023',9167.84,6,3887.38),
(31,'Carlos','Sanchez','Pena','X','ZRMY651234M3U','07/01/1967','Madero',51,17,'San angel','Campeche','12/07/2002','06/02/2010',5214.2,8,3442.68),
(32,'Raul','Romero','Fernandez','H','YCIM118360552','11/03/1995','Av. Chapultepec',36,26,'Santa Fe','Hidalgo','11/08/2003','12/26/2004',10874.93,7,1551.6),
(33,'Alejandro','Jimenez','Rivera','X','QBMM459072PD6','12/29/1981','Tacuba',21,09,'Mixcoac','Hidalgo','03/23/2004','01/23/2013',5358.57,12,2259.24),
(34,'Javier','Perez','Delgado','H','TTLC7739896Z5','12/07/1961','Insurgentes',81,44,'Pedregal','Chihuahua','09/28/2000','11/26/2012',11205.75,13,3314.36),
(35,'Sergio','Rodriguez','Cruz','M','AQQK3214498UE','12/03/1990','Tacuba',32,68,'Portales','Campeche','04/02/2000','12/01/2003',11283.98,5,2170.45),
(36,'Blanca','Moreno','Torres','X','GNYQ4342276MN','05/08/1978','Insurgentes',68,08,'San Jeronimo','Guanajuato','04/04/2003','02/27/2003',9472.8,4,766.19),
(37,'Rafael','Martinez','Medina','M','KZGL537403F6Y','08/01/2003','Paseo de la Reforma',83,85,'Portales','Durango','03/29/2005','12/06/2012',9282.55,12,594.79),
(38,'Laura','Diaz','Morales','M','HEBF91731391E','11/06/1985','Juarez',51,83,'San angel','Baja California Sur','02/05/2003','07/06/2011',6643.43,3,2392.44),
(39,'Pedro','Romero','Rivera','H','DQXC3369348FB','03/25/2001','Hidalgo',39,74,'Del Valle','Baja California Sur','03/23/2012','12/25/2020',6615.04,12,2908.91),
(40,'Manuel','Ortiz','Sanchez','X','KMOQ309363V51','11/26/1960','Tacuba',74,82,'Pedregal','Hidalgo','11/03/2004','11/02/2012',6071.74,5,4061.52),
(41,'Veronica','Vargas','Morales','M','WPLX5360562U8','12/22/1975','Insurgentes',82,45,'Narvarte','Colima','12/25/2001','08/23/2011',5448.3,10,3146.64),
(42,'Claudia','Morales','Cruz','X','NYJF4430998Q5','03/28/2001','Insurgentes',21,41,'Pedregal','Jalisco','12/24/2003','11/29/2020',5170.89,1,3434.15),
(43,'Hector','Gomez','Campos','M','SLKE7176088BM','11/29/1988','Reforma',78,39,'Del Valle','Aguascalientes','03/20/1989','01/28/2022',5782.14,11,2414.24),
(44,'Jose','Mendoza','Cruz','H','GZMJ374153RLM','04/28/1963','Paseo de la Reforma',09,03,'Portales','Durango','08/08/1991','11/24/2002',9475.66,6,2748.25),
(45,'Jose','Vargas','Perez','H','NZFW966073DF3','06/24/1974','Hidalgo',26,04,'Portales','Aguascalientes','11/21/2012','12/09/2022',5739.59,10,4414.69),
(46,'Laura','Moreno','Alvarez','H','FOXQ41603611P','05/08/1971','Madero',19,68,'Napoles','Guanajuato','09/06/2021','11/01/2023',6049.61,13,3221.26),
(47,'Manuel','Morales','Rodriguez','M','IRWJ245179L22','09/05/1965','Paseo de la Reforma',35,75,'Polanco','Baja California Sur','09/08/1974','07/24/2012',6941.23,6,1698.53),
(48,'Blanca','Romero','Moreno','H','GVOC294888443','08/02/1960','Tacuba',06,68,'Juarez','Aguascalientes','09/05/1977','12/24/2012',6775.58,6,691.11),
(49,'Mario','Hernandez','Medina','X','TVDH140605D97','03/25/1970','Insurgentes',68,01,'Santa Fe','Jalisco','12/27/1985','12/27/2013',9095.86,10,1775.03),
(50,'Manuel','Jimenez','Campos','H','IGCC135902YX0','11/04/1966','Juarez',63,65,'San angel','Guerrero','12/02/2004','11/07/2020',8171.95,14,3357.23),
(51,'Jorge','Torres','Hernandez','H','RJWE542537057','12/05/1965','Tacuba',13,16,'Narvarte','Durango','11/22/2001','11/22/2001',8225.82,7,3764.77),
(52,'Blanca','Moreno','Ortiz','H','TAWT314150YU5','11/21/1982','Paseo de la Reforma',64,29,'San angel','Baja California','02/22/1988','12/26/2012',10024.37,10,2099.47),
(53,'David','Ramirez','Santiago','X','BVXZ085442B11','01/21/1967','Reforma',56,07,'Tacubaya','Colima','03/28/2005','12/04/2010',5032.91,11,3099.44),
(54,'Mario','Gonzalez','Acosta','M','EUVS872762LIK','12/27/1963','Paseo de la Reforma',51,09,'Condesa','Guanajuato','07/05/2011','11/21/2023',9382.26,5,3869.15),
(55,'Ricardo','Gonzalez','Herrera','X','CJJZ0828819W4','11/06/1995','Juarez',08,58,'Mixcoac','Jalisco','09/02/2000','12/27/2022',6606.72,2,4512.41),
(56,'Martin','Moreno','Romero','H','WLAT821966EH4','06/27/1991','Juarez',67,25,'San Jeronimo','Hidalgo','03/07/1997','11/09/1998',7071.85,9,2641.33),
(57,'Javier','Perez','Fernandez','X','ZUWD966656EAN','12/25/1960','Insurgentes',13,64,'Napoles','Colima','11/26/1969','12/06/1976',9373.61,1,3779.79),
(58,'Rafael','Sanchez','Santiago','X','WVNV823895N27','03/08/1963','Hidalgo',19,61,'Anzures','Chihuahua','04/28/1980','12/23/2023',5236.57,13,3605.88),
(59,'Luis','Hernandez','Ramos','H','TORO209725R5T','09/21/1998','Av. Chapultepec',01,04,'Polanco','Durango','12/05/2005','09/26/2020',9541.1,14,2353.59),
(60,'Jorge','Ramirez','Jimenez','H','DQNH444887UXI','05/22/1988','Tacuba',72,78,'San angel','Durango','12/02/1992','12/02/1994',9201.5,6,2272.95),
(61,'Veronica','Ramirez','Sanchez','H','EPTQ80949453E','03/03/2001','Madero',12,28,'Narvarte','Colima','12/20/2004','09/25/2012',7239.67,7,1648.49),
(62,'Rafael','Morales','Flores','H','NQAF171044M8K','01/01/1965','Av. Chapultepec',14,34,'Mixcoac','Jalisco','11/08/1970','12/01/1985',8503.5,4,4650.75),
(63,'Julio','Sanchez','Aguilar','X','WNCD8948704A4','11/05/1969','Paseo de la Reforma',27,48,'Juarez','Coahuila','11/22/2010','08/24/2021',9144.18,5,3630.38),
(64,'Francisco','Rodriguez','Vazquez','X','TSQC485023IZ2','06/22/2000','Reforma',85,43,'Mixcoac','Hidalgo','07/06/2002','06/04/2021',7288.86,10,4631.05),
(65,'Sergio','Santos','Cabrera','X','JZYE942997P59','02/04/1963','Hidalgo',68,31,'Juarez','Colima','12/02/1965','12/25/2010',7124.16,14,1117.24),
(66,'Martin','Rivera','Santiago','H','TOFM264904VZ6','12/02/2002','Madero',24,71,'Centro Historico','Hidalgo','12/22/2013','04/29/2020',9494.03,8,2437.54),
(67,'Julio','Ortiz','Castro','M','IGNF006891U4C','12/27/2001','Reforma',15,06,'Pedregal','Guanajuato','12/03/2003','11/03/2023',5177.13,10,1698.24),
(68,'Hector','Torres','Diaz','X','WJNA778136M2W','12/09/1960','Paseo de la Reforma',58,63,'San angel','Durango','08/27/2001','11/07/2012',5982.34,14,1476.8),
(69,'Hector','Castillo','Chavez','H','GREJ580729D0M','12/21/1977','Insurgentes',86,39,'Coyoacan','Campeche','12/07/2001','12/22/2021',10174.03,2,4344.56),
(70,'Rafael','Gomez','Navarro','H','VHTR957282D00','12/07/1964','Tacuba',57,75,'Cuauhtemoc','Baja California','12/06/2001','06/21/2020',9012.33,1,4585.65),
(71,'Leticia','Hernandez','Moreno','H','BEVD314440RI8','11/22/1961','Balderas',83,41,'San angel','Michoacan','12/20/1989','12/02/2001',7875.14,6,1276.41),
(72,'Martha','Rivera','Cruz','M','WXMI718249099','04/06/1964','Madero',76,17,'San angel','Aguascalientes','08/03/1965','11/05/2000',10602.01,12,3371.2),
(73,'Daniel','Diaz','Ramirez','X','ACMY4538963I5','12/01/1964','Insurgentes',72,52,'Tacubaya','Coahuila','11/02/2001','09/21/2022',5468.88,13,2586.72),
(74,'Juan','Torres','Morales','M','XTJN5525845UD','11/24/1968','Av. Chapultepec',74,15,'Juarez','Baja California','11/27/1995','07/26/2021',9481.48,14,3293.03),
(75,'Laura','Flores','Alvarez','X','FYOL160780GDJ','11/28/1991','Insurgentes',37,14,'Roma','Chiapas','07/27/1995','09/25/2010',7195.61,11,4152.89),
(76,'Claudia','Diaz','Moreno','X','FTRG8993647H6','11/01/1981','Balderas',72,26,'Lomas de Chapultepec','Baja California Sur','11/24/1995','08/02/2002',5467.49,11,4980.98),
(77,'Leticia','Gonzalez','Vargas','X','TXXO3804616DX','06/28/1965','Tacuba',81,32,'Cuauhtemoc','Durango','12/05/1998','02/28/2021',5938.36,13,2370.08),
(78,'Julio','Rodriguez','Rivera','H','WKDQ308462IC1','02/02/1974','Av. Chapultepec',07,25,'Centro Historico','Baja California Sur','11/23/1982','01/29/2003',8950.74,12,2768.23),
(79,'Rafael','Moreno','Suarez','M','WHFK4638311CI','09/23/2001','Balderas',41,23,'Mixcoac','Hidalgo','11/06/2010','11/29/2011',11428.13,8,3129.37),
(80,'Raul','Rivera','Suarez','M','ADQZ3994059AC','03/21/1960','Hidalgo',28,05,'Roma','Guerrero','04/08/2003','12/28/2010',10937.32,2,876.91),
(81,'Rosa','Mendoza','Perez','H','RMHF620464FOB','07/25/2001','Madero',47,88,'Del Valle','Guerrero','12/02/2002','11/28/2013',9416.49,8,4903.4),
(82,'Fernando','Martinez','Morales','M','LFVR6082528A1','12/28/1963','Madero',13,02,'Cuauhtemoc','Durango','11/29/1984','03/21/2022',11350.49,8,1390.67),
(83,'Antonio','Jimenez','Torres','X','TTYC0815590JA','11/23/1989','Paseo de la Reforma',24,41,'Pedregal','Aguascalientes','11/29/1996','12/05/2011',9407.74,6,1001.46),
(84,'Mario','Santos','Romero','M','YUXS1344145A2','06/08/1964','Insurgentes',42,23,'Del Valle','Guerrero','12/26/1993','04/05/2011',7935.63,5,2187.83),
(85,'Daniel','Reyes','Ramirez','H','MGCX4937789NF','11/02/2001','Hidalgo',67,61,'San angel','Durango','04/24/2011','11/22/2023',8005.17,5,1552.97),
(86,'Arturo','Garcia','Cortez','H','CEDE250324J69','12/29/1988','Balderas',33,39,'Rinconada','Durango','11/23/2010','06/09/2022',8115.66,5,1317.84),
(87,'Carlos','Perez','Santiago','X','MDQG6354911QX','11/01/1979','Hidalgo',58,88,'Lomas de Chapultepec','Aguascalientes','11/03/1989','02/23/1993',6556.5,7,2595.28),
(88,'Silvia','Reyes','Silva','X','CNFJ761877XQ7','09/21/1995','Insurgentes',01,74,'Cuauhtemoc','Chiapas','11/22/2000','03/02/2020',6252.1,3,1507.81),
(89,'Teresa','Vargas','Chavez','X','TNAH6665777TC','08/02/1976','Reforma',23,41,'Juarez','Chiapas','04/24/1988','06/20/2001',5192.96,11,918.72),
(90,'Gerardo','Gomez','Moreno','M','XEFF694977TB7','09/04/2001','Juarez',02,24,'Tacubaya','Hidalgo','12/05/2003','02/29/2020',9686.46,9,1592.53),
(91,'Alejandro','Santos','Cruz','H','YWGW627637S95','03/06/1998','Insurgentes',26,11,'Condesa','Guerrero','11/03/2004','06/29/2010',8468.11,5,790.45),
(92,'Silvia','Jimenez','Hernandez','X','GFKZ134392217','12/26/1990','Av. Chapultepec',23,02,'Pedregal','Baja California Sur','12/07/1994','11/25/2023',8914.3,3,1018.67),
(93,'Arturo','Morales','Sanchez','X','IMGZ2313233J3','06/21/1974','Insurgentes',32,39,'Del Valle','Baja California','12/06/1986','01/28/2004',10812.34,8,1569.64),
(94,'Sergio','Diaz','Gonzalez','M','JJOY628564G0T','08/20/1965','Tacuba',12,53,'Condesa','Coahuila','12/28/1968','11/24/2021',9859.42,13,1874.79),
(95,'Maria','Moreno','Pena','X','QPZF614747O41','11/09/1962','Madero',08,58,'Narvarte','Baja California Sur','01/29/1976','11/05/2003',11758.25,3,1429.6),
(96,'angeloscar','Moreno','Acosta','H','CCWV1509648H1','12/29/1964','Tacuba',75,11,'Cuauhtemoc','Jalisco','03/26/1970','02/06/2013',9547.64,14,2205.76),
(97,'Juan','Hernandez','Alvarez','H','SOJY556362464','11/04/1972','Tacuba',18,77,'Tacubaya','Hidalgo','04/08/1994','01/03/2001',5761.91,10,2442.8),
(98,'Jesus','Garcia','Pena','H','WFRN045204WC7','12/05/1979','Madero',85,36,'Condesa','Guerrero','11/06/1990','11/07/2005',7475.79,3,2354.79),
(99,'Daniel','Hernandez','Vazquez','X','RNIM735620X26','11/01/1964','Juarez',75,82,'Roma','Jalisco','11/01/1972','03/01/2011',5517.06,1,2130.02),
(100,'Fernando','Cruz','Vargas','M','PYRQ787071644','09/09/1963','Balderas',35,15,'Cuauhtemoc','Michoacan','09/05/1989','08/20/2010',11200.5,1,3984.97),
(101,'Silvia','Hernandez','Gutierrez','M','JARA262085933','05/23/1976','Reforma',22,16,'Anzures','Baja California Sur','09/09/2001','11/24/2005',5589.12,3,2074.64),
(102,'Alejandro','Ortiz','Jimenez','M','RNRP338350S29','08/06/1983','Av. Chapultepec',74,29,'Centro Historico','Aguascalientes','12/28/2002','05/23/2010',10028.14,6,1491.24),
(103,'Rosa','Ortiz','Alvarez','X','RJNQ498562D0S','09/28/1974','Madero',79,18,'Portales','Colima','05/09/2001','11/02/2021',12000.23,3,979.4),
(104,'Veronica','Cruz','Gutierrez','H','OETW896151MXV','12/05/1965','Reforma',42,61,'San Jeronimo','Hidalgo','01/21/1985','11/02/2012',11259.95,13,2492.52),
(105,'Martin','Perez','Perez','X','BPCW68915884P','01/04/1973','Av. Chapultepec',85,23,'Centro Historico','Baja California','11/22/1982','11/25/1999',9511.57,12,4723.17);




-- TABLAS VETERINARIO
INSERT INTO veterinario(idPersona,nombre,paterno,materno,genero,rfc,fechNacimiento,calle,numInterior,numExterior,colonia,estado,fechInicioC,fechFinC,salario,especialidad) VALUES
(1,'Juan','Reyes','Rivera','X','CHHU992264OC6','11/01/1962','Juarez',74,26,'Mixcoac','Mexico','11/27/1980','11/01/1987',8775.09,'Radiologia veterinaria'),
(2,'Martin','Jimenez','Rodriguez','X','VYTK924050GH8','06/26/2001','Reforma',32,26,'San Jeronimo','Baja California','12/03/2022','12/28/2022',8856.75,'Cirugia veterinaria'),
(3,'Alma','Castillo','Rivera','M','VKDO7168586CW','08/07/1981','Hidalgo',58,46,'Condesa','Coahuila','04/06/1983','08/24/1993',11272.53,'Anestesiologia veterinaria'),
(4,'Ricardo','Flores','Campos','H','WKPE5555866N4','12/27/1965','Hidalgo',18,88,'Portales','Campeche','05/09/1974','09/25/2004',9806.15,'Anestesiologia veterinaria'),
(5,'Arturo','Morales','Mendoza','X','RHOQ555874WZ7','12/04/1967','Paseo de la Reforma',17,06,'Narvarte','Guanajuato','03/22/1977','11/27/1995',5697.45,'Radiologia veterinaria'),
(6,'Claudia','Sanchez','Campos','M','ORAR103560LBM','12/04/1962','Reforma',44,02,'Condesa','Guerrero','05/23/1973','12/26/1990',11335.92,'Oncologia veterinaria'),
(7,'Pedro','Perez','Martinez','X','GELP9572689A7','03/07/2000','Madero',21,55,'Portales','Baja California Sur','07/06/2004','08/22/2023',6852.62,'Oftalmologia veterinaria'),
(8,'Rafael','Morales','Gomez','X','ULVJ933303XHD','11/27/1979','Tacuba',69,32,'Roma','Baja California','05/29/2001','11/23/2003',7050.14,'Nutricion veterinaria'),
(9,'Claudia','Lopez','Garcia','X','AUGV656248L3P','11/29/1984','Juarez',67,48,'Polanco','Campeche','04/02/1985','03/02/2023',11990.8,'Anestesiologia veterinaria'),
(10,'Rafael','Rodriguez','Santiago','X','DMSN459132853','02/20/1969','Insurgentes',25,42,'San angel','Baja California','11/28/1981','07/04/2012',5647.46,'Cirugia veterinaria'),
(11,'Daniel','Santos','Flores','H','IRVR705350WUT','05/21/1961','Paseo de la Reforma',22,89,'Lomas de Chapultepec','Baja California','11/28/1963','07/26/2002',5843.75,'Cirugia veterinaria'),
(12,'Enrique','Sanchez','Medina','H','CNEX430665C12','03/29/1997','Juarez',83,09,'Napoles','Chihuahua','09/07/2020','07/21/2023',6575.28,'Anestesiologia veterinaria'),
(13,'Juan','Cruz','Morales','H','EISA991334Y9V','12/03/1994','Insurgentes',61,63,'Napoles','Mexico','12/28/1997','12/21/2003',6477.79,'Neurologia veterinaria'),
(14,'Alma','Gonzalez','Lopez','M','DOIL048696RJV','12/26/1971','Av. Chapultepec',85,42,'Centro Historico','Chihuahua','09/06/1992','02/25/1996',9806.81,'Oftalmologia veterinaria'),
(15,'Luis','Torres','Jimenez','M','ACOU015742588','12/25/1967','Insurgentes',35,58,'Polanco','Baja California Sur','08/23/1984','12/01/2021',11635.29,'Nutricion veterinaria'),
(16,'Maria','Ramirez','Romero','X','CYUL893287X6T','08/01/1984','Insurgentes',78,56,'Narvarte','Durango','12/23/2000','11/28/2005',11907.95,'Medicina interna veterinaria'),
(17,'Sergio','Rivera','Ramos','M','ZDWP986582J02','05/25/1976','Insurgentes',36,88,'Narvarte','Baja California Sur','01/25/2000','08/29/2001',10463.28,'Odontologia veterinaria'),
(18,'angeloscar','Gomez','Moreno','H','VOSG174640P4J','08/27/2000','Insurgentes',75,01,'Narvarte','Campeche','12/24/2003','12/08/2010',11960.14,'Medicina interna veterinaria'),
(19,'Raul','Sanchez','Herrera','X','SHKZ3833615R7','11/24/1962','Av. Chapultepec',54,39,'Napoles','Mexico','11/02/1984','06/22/1995',6091.76,'Radiologia veterinaria'),
(20,'Hector','Castillo','Cruz','H','YOOS437423508','06/03/2001','Reforma',58,08,'Narvarte','Hidalgo','01/20/2005','08/22/2020',7472.18,'Patologia veterinaria'),
(21,'David','Jimenez','Santiago','H','NFRY962715042','12/26/1978','Av. Chapultepec',81,45,'Cuauhtemoc','Mexico','12/03/2001','03/20/2022',10448.53,'Radiologia veterinaria'),
(22,'Patricia','Morales','Delgado','X','PUPQ12477256J','11/26/1998','Balderas',13,15,'Tacubaya','Baja California','05/05/2002','12/04/2012',10642.06,'Dermatologia veterinaria'),
(23,'Juana','Vargas','Cabrera','X','ERCC618156T93','07/28/1962','Insurgentes',22,05,'Tacubaya','Jalisco','04/09/2000','11/06/2013',7822.78,'Oftalmologia veterinaria'),
(24,'Rafael','Mendoza','Lopez','X','MYXY417851XBD','11/01/1961','Tacuba',46,09,'Tacubaya','Coahuila','05/06/1981','11/06/2003',6323.94,'Oncologia veterinaria'),
(25,'Veronica','Martinez','Castillo','H','KFMS5021277P9','05/25/1992','Av. Chapultepec',17,14,'Roma','Mexico','12/08/2013','05/26/2023',8613.85,'Radiologia veterinaria'),
(26,'Victor','Castillo','Campos','H','RSGG351353224','12/09/1962','Insurgentes',47,03,'Lomas de Chapultepec','Hidalgo','11/08/2005','08/20/2011',10890.3,'Neurologia veterinaria'),
(27,'Rafael','Vargas','Rios','M','MVMT4915507P5','12/02/1965','Juarez',22,24,'Coyoacan','Baja California Sur','11/09/1987','11/04/2023',9272.63,'Radiologia veterinaria'),
(28,'Antonio','Gonzalez','Alvarez','H','HWIA123901VK0','06/05/1969','Tacuba',42,53,'San angel','Baja California Sur','02/26/1970','11/02/1971',5585.37,'Dermatologia veterinaria'),
(29,'Enrique','Gonzalez','Sanchez','M','EXZT46158972L','06/29/1996','Tacuba',88,63,'Narvarte','Durango','12/09/2002','12/27/2002',10141.27,'Odontologia veterinaria'),
(30,'Fernando','Gonzalez','Suarez','X','LEAN318781979','06/05/1972','Juarez',25,74,'Santa Fe','Aguascalientes','08/29/2004','12/27/2012',6813.03,'Nutricion veterinaria'),
(31,'Antonio','Lopez','Ramos','X','XYAW9414629I9','11/20/1989','Paseo de la Reforma',71,11,'Rinconada','Baja California Sur','11/20/1997','11/26/2010',10214.7,'Endocrinologia veterinaria'),
(32,'Ana','Castillo','Rojas','X','PWJV016385F33','11/05/1969','Juarez',23,12,'Anzures','Colima','11/08/1999','03/01/2013',6813.28,'Cardiologia veterinaria'),
(33,'Norma','Cruz','Perez','M','VBAY241310AJ6','07/27/1969','Av. Chapultepec',51,89,'San angel','Chihuahua','11/02/1987','12/08/2021',9722.27,'Patologia veterinaria'),
(34,'Jose','Flores','Aguilar','H','ZQEN580648X9B','11/06/1980','Reforma',77,73,'Coyoacan','Campeche','08/08/1991','07/24/2021',6191.42,'Nutricion veterinaria'),
(35,'Maria','Martinez','Perez','X','ERDC55619950R','12/06/1990','Balderas',21,31,'Cuauhtemoc','Mexico','12/24/1996','09/09/2012',11785.72,'Oncologia veterinaria'),
(36,'Francisco','Ortiz','Cabrera','H','GENK5958936ZI','04/01/1969','Madero',63,46,'Mixcoac','Hidalgo','12/28/1993','03/09/2012',10703.51,'Oncologia veterinaria'),
(37,'Guadalupe','Castillo','Castillo','X','DNZU872529Q10','08/22/1971','Madero',83,44,'Napoles','Aguascalientes','12/09/2001','05/20/2020',7906.64,'Cardiologia veterinaria'),
(38,'Margarita','Morales','Navarro','M','QTHY1980197XD','03/06/2000','Madero',14,46,'Cuauhtemoc','Chiapas','02/04/2003','11/25/2012',9361.23,'Neurologia veterinaria'),
(39,'Carmina','Verduzco','Ferreiro','X','PDDY742682PRS','07/05/1979','Av. Chapultepec',19,71,'Coyoacan','Campeche','12/03/1986','04/23/2013',5087.8,'Neurologia veterinaria'),
(40,'Javier','Ortiz','Ramos','H','DDHH993996217','12/22/1969','Madero',77,35,'Mixcoac','Chiapas','06/25/1978','05/25/2020',6214.69,'Nutricion veterinaria'),
(41,'Mario','Martinez','Pena','X','CVOU230153EPV','12/26/1965','Juarez',38,08,'San Jeronimo','Coahuila','11/09/1975','05/02/2021',11215.76,'Cirugia veterinaria'),
(42,'Julio','Garcia','Flores','M','PIVL44615445T','11/27/1969','Insurgentes',36,51,'Juarez','Baja California','06/07/1995','03/20/2012',9773.27,'Nutricion veterinaria'),
(43,'Daniel','Gomez','Herrera','X','LTFL3792715PA','12/04/1966','Paseo de la Reforma',38,71,'Roma','Chiapas','01/27/1993','07/20/1995',8607.27,'Cirugia veterinaria'),
(44,'Daniel','Reyes','Sanchez','H','SJWR931831277','12/04/1987','Paseo de la Reforma',83,39,'Pedregal','Hidalgo','04/26/2003','04/22/2023',8404.5,'Rehabilitacion veterinaria'),
(45,'Rafael','Sanchez','Ramos','X','THEH6813586UK','11/09/1961','Madero',17,52,'San Jeronimo','Mexico','11/08/1972','04/09/2000',5091.41,'Endocrinologia veterinaria'),
(46,'Gloria','Romero','Jimenez','X','ZLIC104654RRF','12/06/1965','Juarez',21,01,'Cuauhtemoc','Chihuahua','09/23/1983','09/01/2020',5501.65,'Odontologia veterinaria'),
(47,'Miguel','Martinez','Delgado','H','TJDF717148A20','04/22/1976','Reforma',84,29,'Roma','Chihuahua','11/26/1978','12/01/2002',5158.52,'Radiologia veterinaria'),
(48,'Rosa','Gonzalez','Navarro','H','MTRT27081362G','12/09/1966','Balderas',87,83,'Coyoacan','Baja California','01/02/1985','06/05/2004',7843.34,'Dermatologia veterinaria'),
(49,'Arturo','Romero','Gomez','X','YOUQ8293103V4','12/26/1966','Insurgentes',01,56,'San Jeronimo','Chiapas','05/04/1982','11/02/1989',9710.9,'Patologia veterinaria'),
(50,'Teresa','Rodriguez','Rodriguez','M','FKTR582903Z4E','11/07/1964','Tacuba',12,17,'Anzures','Jalisco','08/09/2005','12/21/2011',9617.2,'Etologia veterinaria'),
(51,'Gerardo','Castillo','Romero','M','XROS476507OOQ','11/28/2001','Av. Chapultepec',68,01,'Del Valle','Durango','09/28/2002','02/02/2023',5576.69,'Radiologia veterinaria'),
(52,'Julio','Garcia','Navarro','X','FRKO614696S31','07/08/1963','Hidalgo',41,27,'Narvarte','Aguascalientes','01/25/1975','01/08/2012',6365.49,'Oftalmologia veterinaria'),
(53,'Aaron','Lopez','Delgado','M','EENT1270556EL','04/05/1995','Hidalgo',78,42,'Santa Fe','Chiapas','04/24/2002','12/25/2011',10686.23,'Cardiologia veterinaria'),
(54,'Enrique','Castillo','Hernandez','H','GEXK266554OO5','01/29/1975','Paseo de la Reforma',29,34,'San angel','Guerrero','05/09/1988','11/24/2001',10093.5,'Radiologia veterinaria'),
(55,'Rosa','Vargas','Acosta','X','MXYG739285WE6','11/05/1966','Insurgentes',82,03,'Napoles','Durango','03/24/2001','01/08/2012',8935.59,'Cardiologia veterinaria'),
(56,'Alma','Gomez','Ramirez','X','JGOO3128530QE','12/26/2001','Insurgentes',54,85,'Polanco','Jalisco','01/01/2003','03/06/2010',8375.93,'Dermatologia veterinaria'),
(57,'Carlos','Sanchez','Navarro','M','TXZP1017238PH','11/06/1967','Insurgentes',79,14,'San angel','Coahuila','03/04/1970','11/09/2000',9104.4,'Rehabilitacion veterinaria'),
(58,'Eduardo','Vargas','Vazquez','M','ZUYT705889KA9','11/02/2002','Hidalgo',47,76,'Lomas de Chapultepec','Baja California Sur','01/28/2002','04/05/2012',10852.92,'Medicina interna veterinaria'),
(59,'Patricia','Castillo','Torres','H','ZCKN361275AO3','12/05/1999','Reforma',57,28,'San angel','Aguascalientes','02/02/2003','11/05/2012',9245.23,'Endocrinologia veterinaria'),
(60,'Rosa','Rodriguez','Hernandez','X','YNGY66985067B','12/09/1990','Tacuba',07,66,'Lomas de Chapultepec','Colima','11/07/1991','06/20/2003',10688.26,'Oftalmologia veterinaria'),
(61,'Aaron','Ortiz','Suarez','H','RSNR3521943KH','04/05/1962','Insurgentes',07,08,'San angel','Aguascalientes','12/21/1991','05/08/2000',11908.21,'Dermatologia veterinaria'),
(62,'Maria','Santos','Rivera','H','DBRK925638X8I','12/29/1993','Tacuba',14,31,'Roma','Aguascalientes','02/28/2000','07/03/2002',10833.96,'Anestesiologia veterinaria'),
(63,'Jesus','Jimenez','Rivera','X','MNHT847926R95','09/29/1963','Insurgentes',51,51,'Del Valle','Coahuila','11/20/1977','11/04/2003',9139.72,'Radiologia veterinaria'),
(64,'Maria','Moreno','Suarez','X','HBXA728851LP1','06/21/1978','Hidalgo',49,39,'Santa Fe','Chiapas','04/25/2002','12/01/2021',9302.18,'Odontologia veterinaria'),
(65,'Ana','Ortiz','Castillo','X','MUAU1365991PP','06/29/1983','Balderas',15,38,'Coyoacan','Baja California Sur','09/03/1991','12/08/2003',8922.47,'Cardiologia veterinaria'),
(66,'Alma','Romero','Ramos','M','CQRV891368PQ2','12/04/1975','Paseo de la Reforma',76,54,'Napoles','Durango','12/26/2002','11/23/2005',8653.54,'Oftalmologia veterinaria'),
(67,'Juana','Santos','Rojas','M','UYJR496046D2W','11/22/1967','Juarez',02,85,'Portales','Durango','06/20/2002','11/25/2002',5104.08,'Odontologia veterinaria'),
(68,'Rosa','Jimenez','Ramos','M','IISW6646484VR','09/09/1962','Madero',77,47,'Tacubaya','Baja California Sur','09/24/1972','01/25/2000',6741.56,'Cardiologia veterinaria'),
(69,'Hector','Rivera','Fernandez','X','OMXF2839759AG','12/05/1975','Paseo de la Reforma',71,18,'San angel','Guanajuato','02/22/1981','03/27/1996',11672.84,'Medicina interna veterinaria'),
(70,'Maria','Cruz','Rojas','M','GITG980539K85','09/22/1965','Reforma',54,74,'Portales','Durango','12/25/2004','12/22/2021',5935.25,'Radiologia veterinaria'),
(71,'Canek','Pelaez','Valdes','M','WRAQ83982516T','12/24/1990','Tacuba',55,89,'Napoles','Michoacan','06/29/1999','06/21/2011',10881.22,'Nutricion veterinaria'),
(72,'Hector','Romero','Silva','H','ZPNJ2643539UY','12/26/1962','Tacuba',13,31,'San Jeronimo','Aguascalientes','11/06/1963','11/21/1973',7764.37,'Rehabilitacion veterinaria'),
(73,'Adrian','Flores','Aguilar','X','TKSJ99888857K','11/01/1988','Madero',29,54,'Polanco','Campeche','11/22/1993','05/09/2010',11364.34,'Cirugia veterinaria'),
(74,'Alejandro','Cruz','Gomez','X','RGTE0489043C2','04/23/1980','Juarez',07,89,'Mixcoac','Michoacan','11/04/2005','01/26/2022',11158.66,'Medicina interna veterinaria'),
(75,'Daniel','Torres','Romero','M','VBYX966408918','03/06/2002','Insurgentes',01,25,'Centro Historico','Colima','11/08/2002','06/09/2004',11933.7,'Oftalmologia veterinaria'),
(76,'Fernando','Santos','Ramos','M','ZRIK4685210Y8','11/22/1996','Reforma',73,17,'Portales','Mexico','06/02/2012','12/09/2013',11360.95,'Etologia veterinaria'),
(77,'Aaron','Morales','Gutierrez','M','GSKW5270630K4','03/03/1975','Juarez',03,07,'Napoles','Michoacan','11/02/1984','12/26/2013',11267.06,'Cirugia veterinaria'),
(78,'Julio','Jimenez','Santiago','X','TRHV317911NH2','12/03/1991','Balderas',34,19,'Pedregal','Chihuahua','04/21/1998','11/25/2001',9416.59,'Oftalmologia veterinaria'),
(79,'Blanca','Castillo','Gonzalez','H','QDOV212518Q8S','06/06/1967','Av. Chapultepec',61,86,'Cuauhtemoc','Jalisco','04/03/1976','02/24/2002',8926.72,'Dermatologia veterinaria'),
(80,'Margarita','Ortiz','Delgado','X','UDJV40143965U','12/29/1977','Reforma',13,74,'Mixcoac','Coahuila','12/25/2002','08/02/2020',7623.37,'Radiologia veterinaria'),
(81,'Roberto','Sanchez','Navarro','H','KLGO642551ER0','11/02/1983','Hidalgo',12,29,'Juarez','Mexico','12/20/1983','06/08/2001',10189.85,'Patologia veterinaria'),
(82,'Margarita','Morales','Gomez','X','GFQM037917J8L','04/21/1994','Av. Chapultepec',34,71,'Centro Historico','Hidalgo','05/05/2003','09/03/2021',10138.25,'Oncologia veterinaria'),
(83,'Juana','Rodriguez','Garcia','H','WNZC544203GZ4','11/21/2000','Madero',66,68,'Condesa','Coahuila','11/09/2005','06/06/2013',7003.89,'Cardiologia veterinaria'),
(84,'Gloria','Torres','Pena','X','YBVD660757LQI','12/24/1973','Madero',83,72,'San angel','Mexico','04/02/2022','12/09/2022',8421.29,'Nutricion veterinaria'),
(85,'Jose','Rivera','Castro','H','VQAX0044226PD','05/24/1960','Paseo de la Reforma',34,27,'Tacubaya','Aguascalientes','04/21/1964','03/26/2001',5942.96,'Radiologia veterinaria'),
(86,'Silvia','Jimenez','Cruz','X','SOMO5618094G5','03/25/2000','Reforma',45,45,'Polanco','Mexico','11/23/2010','12/08/2022',5643.77,'Cirugia veterinaria'),
(87,'Ana','Reyes','Chavez','H','LAVQ6853436T7','05/02/1980','Hidalgo',18,54,'Rinconada','Guerrero','03/26/1998','11/20/2005',6238.83,'Patologia veterinaria'),
(88,'angeloscar','Jimenez','Gutierrez','X','RUSV270897P68','04/04/2002','Balderas',87,14,'Narvarte','Michoacan','11/01/2003','11/25/2020',9843.33,'Cirugia veterinaria'),
(89,'Norma','Mendoza','Aguilar','X','DIBU671510AUI','12/20/1968','Tacuba',24,15,'Condesa','Guanajuato','01/22/1988','11/20/1992',10651.27,'Odontologia veterinaria'),
(90,'Ricardo','Moreno','Acosta','X','TOJX8066460JG','11/08/1971','Juarez',45,39,'Napoles','Baja California','11/08/2002','02/25/2023',11373.12,'Anestesiologia veterinaria'),
(91,'Teresa','Gonzalez','Navarro','H','PQQI726080O8X','12/03/1963','Reforma',53,78,'Mixcoac','Durango','09/03/1971','01/24/2005',11271.34,'Nutricion veterinaria'),
(92,'Jose','Romero','Acosta','M','HSOY6859335ED','03/08/1981','Tacuba',69,62,'Lomas de Chapultepec','Chiapas','12/07/1997','01/29/2012',8405.54,'Oncologia veterinaria'),
(93,'Maria','Rivera','Gutierrez','M','GDKA765998NF3','09/08/1967','Av. Chapultepec',66,76,'Portales','Campeche','11/25/2000','07/28/2000',7475.67,'Endocrinologia veterinaria'),
(94,'Silvia','Jimenez','Navarro','X','WYZA190039203','01/06/1976','Juarez',62,31,'Coyoacan','Campeche','09/08/2001','06/04/2003',5039.03,'Oftalmologia veterinaria'),
(95,'Veronica','Gonzalez','Ortiz','H','MJHK5693453P7','11/06/1970','Juarez',53,16,'Del Valle','Coahuila','01/07/1981','12/20/1996',7691.63,'Neurologia veterinaria'),
(96,'Blanca','Santos','Cabrera','M','WJAU7265433B2','11/04/1973','Tacuba',07,14,'Polanco','Hidalgo','11/28/2001','12/01/2012',5179.3,'Cirugia veterinaria'),
(97,'Eduardo','Rivera','Romero','M','GUOW191166H4H','12/06/1982','Reforma',23,43,'Mixcoac','Chiapas','02/06/2000','11/27/2022',11061.2,'Cardiologia veterinaria'),
(98,'Jorge','Hernandez','Castillo','X','HIVH235332BW4','09/28/1961','Juarez',37,18,'Anzures','Mexico','12/05/1994','12/09/2011',8481.17,'Endocrinologia veterinaria'),
(99,'Alejandro','Gomez','Gomez','X','GOXP3052849R1','11/21/1968','Reforma',69,64,'Juarez','Baja California Sur','12/09/1979','11/27/1995',9600.13,'Neurologia veterinaria'),
(100,'Javier','Santos','Jimenez','X','HZLS1733628CV','01/25/1965','Balderas',37,24,'Santa Fe','Mexico','12/04/2012','07/09/2013',8817.21,'Anestesiologia veterinaria'),
(101,'Alejandro','Hernandez','Hernandez','X','CZWA903260986','12/02/1971','Av. Chapultepec',09,31,'Narvarte','Chihuahua','08/04/2000','07/23/2001',6959.77,'Anestesiologia veterinaria'),
(102,'Gerardo','Garcia','Navarro','H','CHMX7952743AU','11/21/1964','Madero',77,21,'Centro Historico','Hidalgo','02/06/2001','01/27/2011',5843.4,'Nutricion veterinaria'),
(103,'Mario','Gonzalez','Castro','X','APVO239741D80','09/09/1969','Paseo de la Reforma',82,37,'Portales','Mexico','01/29/2001','11/24/2021',7291.18,'Neurologia veterinaria'),
(104,'Rosa','Rodriguez','Perez','H','GAXZ218901488','12/04/1977','Madero',17,51,'Rinconada','Durango','12/07/2003','09/07/2013',10543.34,'Dermatologia veterinaria'),
(105,'Miguel','Gomez','Chavez','M','ECEZ5365172I4','07/09/1986','Juarez',04,48,'Cuauhtemoc','Baja California Sur','05/23/2000','12/25/2011',7765.15,'Cirugia veterinaria');





-- REGISTROS PARA LOS BIOMAS
INSERT INTO bioma (idBioma, tipoBioma) VALUES
(1, 'Desierto'),
(2, 'Pastizales'),
(3, 'Franja costera'),
(4, 'Tundra'),
(5, 'Aviario'),
(6, 'Bosque templado'),
(7, 'Bosque tropical');

-- REGISTRO PARA LABORAR:
INSERT INTO laborar (idPersona, idBioma) VALUES
(1, 4),
(2, 7),
(3, 2),
(4, 5),
(5, 4),
(6, 5),
(7, 6),
(8, 2),
(9, 1),
(10, 4),
(11, 6),
(12, 1),
(13, 1),
(14, 3),
(15, 5),
(16, 5),
(17, 4),
(18, 2),
(19, 5),
(20, 2),
(21, 5),
(22, 1),
(23, 3),
(24, 7),
(25, 1),
(26, 3),
(27, 5),
(28, 2),
(29, 3),
(30, 4),
(31, 3),
(32, 1),
(33, 6),
(34, 2),
(35, 4),
(36, 7),
(37, 5),
(38, 7),
(39, 7),
(40, 7),
(41, 1),
(42, 5),
(43, 7),
(44, 5),
(45, 4),
(46, 3),
(47, 5),
(48, 5),
(49, 7),
(50, 3),
(51, 1),
(52, 6),
(53, 6),
(54, 5),
(55, 5),
(56, 5),
(57, 1),
(58, 4),
(59, 5),
(60, 2),
(61, 7),
(62, 6),
(63, 2),
(64, 5),
(65, 1),
(66, 7),
(67, 1),
(68, 7),
(69, 4),
(70, 4),
(71, 7),
(72, 4),
(73, 7),
(74, 5),
(75, 4),
(76, 2),
(77, 1),
(78, 1),
(79, 4),
(80, 5),
(81, 2),
(82, 2),
(83, 7),
(84, 6),
(85, 2),
(86, 6),
(87, 3),
(88, 7),
(89, 4),
(90, 4),
(91, 3),
(92, 6),
(93, 5),
(94, 7),
(95, 6),
(96, 1),
(97, 2),
(98, 2),
(99, 2),
(100, 3),
(101, 3),
(102, 2),
(103, 6),
(104, 7),
(105, 1);


-- REGISTROS PARA LOS SERVICIOS
INSERT INTO servicio (idServicio, costoUnitario, tipoServicio) VALUES
(1, 5.50, 'Baño'),
(2, 178.00, 'Comida'),
(3, 355.50, 'Tienda');

-- REGISTROS PARA OFRECER
INSERT INTO ofrecer (idBioma, idServicio) VALUES
(1, 1),
(1, 3),
(2, 3),
(2, 1),
(3, 2),
(3, 1),
(4, 3),
(4, 2),
(5, 1),
(5, 3),
(6, 2),
(7, 1),
(7, 3);


-- REGISTROS PARA LOS EVENTOS	
INSERT INTO evento (idEvento, capacidad, fecha, tipoEvento) VALUES
(1, 150, '2023-11-01 08:30', 'social'),
(2, 200, '2023-11-05 14:00', 'academico'),
(3, 100, '2023-11-10 19:45', 'recaudacion de fondos'),
(4, 50, '2023-11-15 10:15', 'infantil'),
(5, 300, '2023-11-20 13:30', 'escolar'),
(6, 75, '2023-11-25 11:00', 'dias festivos'),
(7, 250, '2023-11-30 16:20', 'social'),
(8, 180, '2023-12-05 20:45', 'academico'),
(9, 90, '2023-12-10 09:30', 'recaudacion de fondos'),
(10, 120, '2023-12-15 12:15', 'infantil'),
(11, 220, '2023-12-20 15:00', 'escolar'),
(12, 45, '2023-12-25 07:45', 'dias festivos'),
(13, 270, '2024-01-01 18:10', 'social'),
(14, 160, '2024-01-05 09:20', 'academico'),
(15, 70, '2024-01-10 14:30', 'recaudacion de fondos'),
(16, 40, '2024-01-15 10:00', 'infantil'),
(17, 330, '2024-01-20 13:50', 'escolar'),
(18, 55, '2024-01-25 11:15', 'dias festivos'),
(19, 210, '2024-02-01 19:00', 'social'),
(20, 190, '2024-02-05 08:40', 'academico'),
(21, 80, '2024-02-10 12:45', 'recaudacion de fondos'),
(22, 60, '2024-02-15 17:20', 'infantil'),
(23, 280, '2024-02-20 10:30', 'escolar'),
(24, 65, '2024-02-25 14:05', 'dias festivos'),
(25, 240, '2024-03-01 16:30', 'social'),
(26, 175, '2024-03-05 15:55', 'academico'),
(27, 85, '2024-03-10 07:25', 'recaudacion de fondos'),
(28, 70, '2024-03-15 12:40', 'infantil'),
(29, 350, '2024-03-20 18:15', 'escolar'),
(30, 50, '2024-03-25 09:10', 'dias festivos'),
(31, 260, '2024-04-01 11:50', 'social'),
(32, 140, '2024-04-05 19:00', 'academico'),
(33, 60, '2024-04-10 14:30', 'recaudacion de fondos'),
(34, 35, '2024-04-15 10:25', 'infantil'),
(35, 310, '2024-04-20 17:40', 'escolar'),
(36, 70, '2024-04-25 08:15', 'dias festivos'),
(37, 290, '2024-05-01 12:00', 'social'),
(38, 150, '2024-05-05 15:20', 'academico'),
(39, 75, '2024-05-10 16:45', 'recaudacion de fondos'),
(40, 30, '2024-05-15 09:55', 'infantil'),
(41, 270, '2024-05-20 11:10', 'escolar'),
(42, 60, '2024-05-25 13:55', 'dias festivos'),
(43, 220, '2024-06-01 18:25', 'social'),
(44, 130, '2024-06-05 08:45', 'academico'),
(45, 50, '2024-06-10 15:30', 'recaudacion de fondos'),
(46, 25, '2024-06-15 10:40', 'infantil'),
(47, 320, '2024-06-20 11:30', 'escolar'),
(48, 80, '2024-06-25 17:15', 'dias festivos'),
(49, 250, '2024-07-01 19:40', 'social'),
(50, 120, '2024-07-05 13:00', 'academico'),
(51, 90, '2024-07-10 16:10', 'recaudacion de fondos'),
(52, 20, '2024-07-15 08:55', 'infantil'),
(53, 300, '2024-07-20 10:35', 'escolar'),
(54, 90, '2024-07-25 14:20', 'dias festivos'),
(55, 230, '2024-08-01 17:30', 'social'),
(56, 110, '2024-08-05 18:50', 'academico'),
(57, 65, '2024-08-10 09:45', 'recaudacion de fondos'),
(58, 15, '2024-08-15 11:25', 'infantil'),
(59, 280, '2024-08-20 15:00', 'escolar'),
(60, 85, '2024-08-25 12:05', 'dias festivos'),
(61, 210, '2024-09-01 14:40', 'social'),
(62, 100, '2024-09-05 10:15', 'academico'),
(63, 80, '2024-09-10 16:35', 'recaudacion de fondos'),
(64, 10, '2024-09-15 17:10', 'infantil'),
(65, 290, '2024-09-20 08:20', 'escolar'),
(66, 100, '2024-09-25 12:30', 'dias festivos'),
(67, 200, '2024-10-01 15:45', 'social'),
(68, 90, '2024-10-05 19:25', 'academico'),
(69, 70, '2024-10-10 14:55', 'recaudacion de fondos'),
(70, 5, '2024-10-15 13:20', 'infantil'),
(71, 270, '2024-10-20 11:35', 'escolar'),
(72, 75, '2024-10-25 10:10', 'dias festivos'),
(73, 220, '2024-11-01 19:40', 'social'),
(74, 140, '2024-11-05 09:05', 'academico'),
(75, 70, '2024-11-10 16:30', 'recaudacion de fondos'),
(76, 40, '2024-11-15 08:15', 'infantil'),
(77, 330, '2024-11-20 12:50', 'escolar'),
(78, 65, '2024-11-25 15:40', 'dias festivos'),
(79, 240, '2024-12-01 17:20', 'social'),
(80, 175, '2024-12-05 18:10', 'academico'),
(81, 85, '2024-12-10 09:55', 'recaudacion de fondos'),
(82, 70, '2024-12-15 11:25', 'infantil'),
(83, 350, '2024-12-20 13:50', 'escolar'),
(84, 50, '2024-12-25 07:30', 'dias festivos'),
(85, 260, '2025-01-01 16:45', 'social'),
(86, 140, '2025-01-05 08:20', 'academico'),
(87, 60, '2025-01-10 15:30', 'recaudacion de fondos'),
(88, 35, '2025-01-15 10:40', 'infantil'),
(89, 310, '2025-01-20 12:55', 'escolar'),
(90, 70, '2025-01-25 17:10', 'dias festivos'),
(91, 290, '2025-02-01 19:30', 'social'),
(92, 160, '2025-02-05 09:50', 'academico'),
(93, 75, '2025-02-10 16:25', 'recaudacion de fondos'),
(94, 40, '2025-02-15 08:55', 'infantil'),
(95, 340, '2025-02-20 11:15', 'escolar'),
(96, 55, '2025-02-25 13:40', 'dias festivos'),
(97, 220, '2025-03-01 17:55', 'social'),
(98, 130, '2025-03-05 18:40', 'academico'),
(99, 80, '2025-03-10 10:30', 'recaudacion de fondos'),
(100, 30, '2025-03-15 12:05', 'infantil');



-- REGISTROS CUIDADOR
INSERT INTO cuidador(idPersona,idBioma,nombre,paterno,materno,genero,rfc,fechNacimiento,calle,numInterior,numExterior,colonia,estado,fechInicioC,fechFinC,salario,diasTrabajo,horario) VALUES 
(1,5,'Miguel','Santos','Gomez','H','AKLI830536399','07/04/1979','Tacuba',69,01,'Coyoacan','Mexico','11/21/2001','04/28/2004',5259.78,'Mie-Jue-Vie-Sab-Dom',4),
(2,5,'Rosa','Ortiz','Castro','X','KWOM60188053K','09/27/1971','Hidalgo',31,21,'San angel','Guerrero','12/26/2004','11/25/2013',6423.62,'Mie-Jue-Vie-Sab-Dom',14),
(3,6,'Francisco','Morales','Pena','X','TOBG845356DFK','12/01/1967','Balderas',81,66,'San angel','Aguascalientes','12/21/1990','02/07/2005',7745.38,'Mie-Jue-Vie-Sab-Dom',4),
(4,3,'Aaron','Ortiz','Aguilar','M','WWDW060856C0X','05/23/1978','Insurgentes',51,76,'Coyoacan','Hidalgo','08/07/2002','11/20/2011',5997.17,'Jue-Vie-Sab-Dom-Lun',5),
(5,5,'Hector','Jimenez','Vargas','X','CKSW5747023G3','05/23/1973','Av. Chapultepec',38,58,'San angel','Durango','09/01/1992','12/07/2000',7699.29,'Vie-Sab-Dom-Lun-Mar',10),
(6,5,'Hector','Moreno','Aguilar','M','TNPM5226193Y9','12/03/1983','Insurgentes',87,71,'Coyoacan','Durango','02/02/2012','02/07/2013',8672.43,'Vie-Sab-Dom-Lun-Mar',1),
(7,4,'Gloria','Jimenez','Perez','M','RKNH6786097B3','11/07/1965','Juarez',61,31,'Mixcoac','Baja California','05/08/2000','02/23/2012',7164.45,'Mar-Mie-Jue-Vie-Sab',20),
(8,3,'Guadalupe','Sanchez','Cortez','X','YIAO266085Z9K','12/24/1976','Hidalgo',48,84,'Pedregal','Guanajuato','11/21/1998','02/21/2012',5049.2,'Sab-Dom-Lun-Mar-Mie',9),
(9,3,'Jose','Santos','Castillo','X','UBAQ5167795M5','01/03/2000','Balderas',35,64,'Lomas de Chapultepec','Aguascalientes','12/22/2003','11/27/2022',9753.78,'Lun-Mar-Mie-Jue-Vie',6),
(10,7,'Laura','Sanchez','Morales','M','LFPP6419514SH','11/02/1972','Paseo de la Reforma',22,82,'Anzures','Michoacan','06/04/2002','03/23/2003',6154.67,'Lun-Mar-Mie-Jue-Vie',23),
(11,5,'Juan','Rivera','Rivera','X','KNSZ029287524','11/21/1965','Insurgentes',37,45,'San Jeronimo','Guerrero','12/08/1991','03/01/2003',4550.38,'Mie-Jue-Vie-Sab-Dom',10),
(12,5,'Gloria','Santos','Pena','X','ZLVH180774KG6','07/03/1969','Av. Chapultepec',39,42,'Tacubaya','Chihuahua','05/25/1995','11/07/2003',5363.43,'Vie-Sab-Dom-Lun-Mar',6),
(13,6,'Alma','Morales','Sanchez','H','KVUE407997413','08/09/1968','Juarez',16,76,'Centro Historico','Hidalgo','03/25/1977','12/04/2010',9864.1,'Vie-Sab-Dom-Lun-Mar',19),
(14,3,'Teresa','Garcia','Ramos','M','XMGX56147958J','12/05/2001','Hidalgo',58,18,'Polanco','Baja California Sur','11/08/2003','04/21/2020',5050.45,'Vie-Sab-Dom-Lun-Mar',2),
(15,4,'Carlos','Garcia','Delgado','H','LMJR244251UJI','12/09/1975','Juarez',54,38,'Roma','Michoacan','11/07/1984','08/25/2020',5705.64,'Dom-Lun-Mar-Mie-Jue',19),
(16,4,'Juana','Flores','Reyes','M','DWHJ80980335Q','05/24/1962','Insurgentes',56,89,'Napoles','Guanajuato','11/01/1965','07/07/1980',5758.89,'Jue-Vie-Sab-Dom-Lun',7),
(17,6,'Julio','Garcia','Martinez','M','SPRP4035619NC','02/06/1975','Insurgentes',18,22,'Centro Historico','Hidalgo','12/23/2002','05/01/2005',5111.55,'Mie-Jue-Vie-Sab-Dom',1),
(18,7,'Gerardo','Diaz','Campos','X','IPAZ216387NIF','12/07/1960','Hidalgo',01,72,'Anzures','Michoacan','08/21/2001','11/08/2002',4178.5,'Dom-Lun-Mar-Mie-Jue',6),
(19,1,'Juan','Hernandez','Cortez','H','KYPF692586F5L','11/22/1977','Juarez',33,56,'San Jeronimo','Chiapas','12/01/1978','11/06/2003',6325.32,'Dom-Lun-Mar-Mie-Jue',4),
(20,6,'Guadalupe','Diaz','Rios','M','CWWL471200ZXZ','03/04/1970','Tacuba',43,78,'Coyoacan','Chihuahua','12/25/1972','12/08/2003',4809.67,'Dom-Lun-Mar-Mie-Jue',2),
(21,5,'Daniel','Moreno','Morales','H','PUIM3424575U4','07/22/1964','Balderas',06,48,'Pedregal','Baja California Sur','12/06/1978','12/29/1984',7597.67,'Sab-Dom-Lun-Mar-Mie',7),
(22,7,'Gloria','Mendoza','Delgado','M','MWKA862437S9Y','12/09/1983','Insurgentes',76,14,'Napoles','Mexico','12/26/1990','11/02/2012',7484.46,'Mie-Jue-Vie-Sab-Dom',4),
(23,3,'Ricardo','Morales','Suarez','H','IAWS750459A3H','11/23/1967','Hidalgo',66,68,'San angel','Guerrero','11/03/2002','05/04/2022',7731.17,'Jue-Vie-Sab-Dom-Lun',8),
(24,7,'Rafael','Martinez','Gutierrez','M','EPMT051371T1S','11/28/1999','Madero',88,61,'Del Valle','Aguascalientes','02/25/2002','12/27/2020',6289.78,'Vie-Sab-Dom-Lun-Mar',12),
(25,2,'Roberto','Gonzalez','Herrera','X','BLRY199292OGA','07/03/2002','Hidalgo',61,62,'Napoles','Jalisco','11/24/2010','04/06/2023',9647.57,'Sab-Dom-Lun-Mar-Mie',9),
(26,6,'Martin','Ortiz','Campos','M','TMDL412156FEB','05/25/1968','Av. Chapultepec',42,67,'Roma','Chiapas','08/03/1970','11/20/2001',6971.12,'Vie-Sab-Dom-Lun-Mar',6),
(27,1,'Arturo','Reyes','Cortez','M','OUPD506939742','06/24/1960','Insurgentes',84,06,'Condesa','Jalisco','07/24/1965','12/23/1988',8879.78,'Vie-Sab-Dom-Lun-Mar',5),
(28,7,'Daniel','Rodriguez','Reyes','X','LGJW674102M13','11/05/1982','Madero',38,51,'San Jeronimo','Baja California Sur','12/20/1985','12/23/2000',9498.35,'Sab-Dom-Lun-Mar-Mie',18),
(29,1,'Veronica','Moreno','Reyes','M','ZGQG616511YE6','12/21/2002','Tacuba',78,37,'Del Valle','Guerrero','04/27/2004','04/24/2021',4308.64,'Dom-Lun-Mar-Mie-Jue',13),
(30,4,'Rosa','Moreno','Campos','H','UOIQ231771RE4','12/26/1993','Madero',76,71,'Lomas de Chapultepec','Campeche','12/02/2000','02/26/2012',4015.31,'Sab-Dom-Lun-Mar-Mie',23),
(31,3,'Javier','Castillo','Suarez','M','JBJL296910Y6G','04/27/1989','Reforma',64,81,'Anzures','Durango','12/22/2010','12/21/2023',8073.6,'Mar-Mie-Jue-Vie-Sab',17),
(32,2,'Raul','Reyes','Mendoza','M','CREL166940J59','09/07/1967','Balderas',06,25,'Cuauhtemoc','Hidalgo','11/20/2001','09/08/2010',8046.38,'Lun-Mar-Mie-Jue-Vie',19),
(33,3,'Antonio','Martinez','Hernandez','H','IMTX768797CSF','05/01/1981','Tacuba',04,02,'Tacubaya','Michoacan','11/24/2001','12/20/2022',9754.99,'Mie-Jue-Vie-Sab-Dom',6),
(34,2,'Rosa','Martinez','Suarez','M','UWFZ188511VM5','11/09/1977','Reforma',47,25,'Roma','Chihuahua','12/25/1999','12/08/2023',6644.14,'Lun-Mar-Mie-Jue-Vie',22),
(35,6,'Hector','Diaz','Morales','H','VAVJ8725107XO','06/04/1983','Reforma',62,69,'Juarez','Colima','11/22/1985','11/22/2013',8443.98,'Sab-Dom-Lun-Mar-Mie',4),
(36,3,'Juana','Ramirez','Medina','H','NTTU660265B31','09/04/1980','Juarez',76,77,'Napoles','Aguascalientes','08/26/1989','08/23/2013',4554.42,'Dom-Lun-Mar-Mie-Jue',23),
(37,2,'Juana','Martinez','Hernandez','X','QNXP147145WE7','12/23/1979','Juarez',55,78,'Pedregal','Hidalgo','07/28/1998','11/01/2000',4971.58,'Lun-Mar-Mie-Jue-Vie',12),
(38,6,'Silvia','Hernandez','Rodriguez','H','HDDV76299525N','12/27/2000','Balderas',82,26,'Polanco','Campeche','12/01/2001','12/03/2001',4709.23,'Sab-Dom-Lun-Mar-Mie',13),
(39,5,'Mario','Morales','Reyes','H','PCRV335236IU5','03/21/2002','Reforma',25,07,'Pedregal','Hidalgo','09/23/2003','12/01/2005',9056.05,'Vie-Sab-Dom-Lun-Mar',4),
(40,6,'Alejandro','Castillo','Fernandez','H','NNHK259780T23','01/02/1966','Insurgentes',69,76,'Tacubaya','Baja California','07/06/2002','11/23/2002',8622.79,'Mar-Mie-Jue-Vie-Sab',22),
(41,4,'Julio','Vargas','Morales','X','RQGS811660GD5','11/04/1961','Reforma',43,12,'Cuauhtemoc','Aguascalientes','11/09/2003','11/04/2004',4349.07,'Dom-Lun-Mar-Mie-Jue',14),
(42,7,'Patricia','Diaz','Herrera','X','GPPA951281N5T','11/27/1960','Madero',09,66,'Tacubaya','Baja California Sur','12/08/2000','05/25/2002',9475.79,'Mie-Jue-Vie-Sab-Dom',21),
(43,7,'Ana','Flores','Morales','H','PLOR288576BF2','11/21/2002','Paseo de la Reforma',86,83,'Tacubaya','Chiapas','05/02/2011','01/08/2012',7535.63,'Lun-Mar-Mie-Jue-Vie',8),
(44,7,'angeloscar','Hernandez','Cruz','M','ETVG209702JC0','12/20/1984','Paseo de la Reforma',46,03,'Rinconada','Baja California Sur','02/21/1991','03/07/2005',4662.22,'Mie-Jue-Vie-Sab-Dom',12),
(45,5,'Rosa','Romero','Gutierrez','H','SREQ857125PAJ','12/09/1960','Reforma',61,03,'San Jeronimo','Durango','01/03/1964','11/08/1987',6049.39,'Mie-Jue-Vie-Sab-Dom',0),
(46,4,'Adrian','Hernandez','Rivera','H','CHYD496073209','07/26/1970','Tacuba',62,26,'Tacubaya','Aguascalientes','09/07/1980','03/23/2002',7290.17,'Dom-Lun-Mar-Mie-Jue',10),
(47,1,'Patricia','Mendoza','Cruz','M','WIEP8102306NU','07/08/1961','Paseo de la Reforma',67,42,'Condesa','Michoacan','11/21/1972','02/28/2000',9796.62,'Lun-Mar-Mie-Jue-Vie',2),
(48,6,'David','Gonzalez','Gomez','M','XPZB129623763','06/07/1971','Av. Chapultepec',68,42,'Pedregal','Mexico','12/05/1993','12/24/1999',6825.2,'Lun-Mar-Mie-Jue-Vie',9),
(49,1,'Victor','Morales','Pena','M','BXFO786462J14','02/26/1972','Madero',23,45,'Rinconada','Aguascalientes','11/06/2003','07/26/2004',4093.99,'Jue-Vie-Sab-Dom-Lun',24),
(50,7,'Ricardo','Flores','Hernandez','M','YPSN047196SDU','11/09/1977','Insurgentes',52,78,'Rinconada','Coahuila','03/03/2011','06/25/2020',9608.33,'Mar-Mie-Jue-Vie-Sab',1),
(51,4,'Manuel','Ramirez','Fernandez','M','OEDG41858614Z','12/01/1999','Paseo de la Reforma',68,39,'San Jeronimo','Aguascalientes','11/21/2000','05/09/2005',6073.3,'Lun-Mar-Mie-Jue-Vie',18),
(52,1,'Gerardo','Vargas','Moreno','X','PRZT878197X4V','12/25/1997','Balderas',22,26,'Anzures','Baja California','12/22/2002','02/25/2023',4516.25,'Lun-Mar-Mie-Jue-Vie',3),
(53,2,'angeloscar','Cruz','Acosta','M','DIJR372273985','05/22/1988','Tacuba',69,24,'Portales','Chihuahua','04/21/1997','12/27/2002',7259.52,'Jue-Vie-Sab-Dom-Lun',0),
(54,4,'Alejandro','Flores','Vazquez','H','EOGB006111MD9','09/08/1962','Reforma',89,08,'Napoles','Aguascalientes','12/27/1970','11/26/2012',8410.11,'Sab-Dom-Lun-Mar-Mie',21),
(55,4,'Jose','Jimenez','Fernandez','H','EXEX465409082','09/23/1985','Reforma',17,44,'Portales','Guerrero','07/29/1986','03/02/2003',4459.4,'Dom-Lun-Mar-Mie-Jue',17),
(56,3,'Antonio','Moreno','Gomez','M','NUHM4737101M6','11/03/1982','Insurgentes',76,73,'Tacubaya','Baja California','11/04/2003','04/20/2004',4334.3,'Sab-Dom-Lun-Mar-Mie',0),
(57,5,'Norma','Morales','Cortez','M','VCZC090356DWH','04/09/2003','Reforma',86,45,'San angel','Michoacan','04/22/2012','11/09/2023',5389.95,'Mie-Jue-Vie-Sab-Dom',18),
(58,1,'Sergio','Morales','Moreno','H','HPNC696986907','12/29/2001','Hidalgo',08,75,'Del Valle','Campeche','11/03/2003','02/03/2010',8841.04,'Jue-Vie-Sab-Dom-Lun',21),
(59,6,'Gloria','Gonzalez','Torres','M','PTJW288613EC7','08/09/1969','Hidalgo',16,89,'Santa Fe','Jalisco','12/25/1994','04/04/2012',9046.39,'Mie-Jue-Vie-Sab-Dom',7),
(60,6,'Blanca','Torres','Cortez','X','UIZB630023K3R','12/02/1985','Balderas',63,84,'Polanco','Hidalgo','12/23/2011','09/07/2012',8077.19,'Vie-Sab-Dom-Lun-Mar',3),
(61,5,'Eduardo','Mendoza','Morales','M','RWLJ199367RP8','02/04/1996','Juarez',13,67,'Mixcoac','Chihuahua','11/03/2004','02/04/2020',5496.18,'Vie-Sab-Dom-Lun-Mar',18),
(62,3,'Claudia','Gonzalez','Pena','M','YNXW2821371GM','01/24/2000','Reforma',77,51,'Mixcoac','Guerrero','12/06/2001','08/27/2004',8108.89,'Vie-Sab-Dom-Lun-Mar',2),
(63,1,'Alejandro','Hernandez','Cabrera','X','WFNG993491Z9L','11/29/1972','Reforma',54,67,'San Jeronimo','Coahuila','01/06/1986','03/05/2004',9890.32,'Dom-Lun-Mar-Mie-Jue',4),
(64,2,'Mario','Vargas','Campos','X','OBVR525730Y8U','11/06/1993','Av. Chapultepec',64,16,'San angel','Hidalgo','11/07/2002','12/04/2020',8678.75,'Vie-Sab-Dom-Lun-Mar',24),
(65,7,'Carlos','Sanchez','Campos','H','NWKV479982286','06/26/1991','Juarez',88,58,'Mixcoac','Baja California','05/21/2003','07/08/2020',8367.46,'Vie-Sab-Dom-Lun-Mar',9),
(66,7,'Luis','Perez','Herrera','M','HDSK100222A5W','03/26/2005','Madero',14,07,'Centro Historico','Mexico','12/03/2021','03/25/2021',4068.08,'Vie-Sab-Dom-Lun-Mar',11),
(67,2,'Veronica','Morales','Rivera','H','ENZP442868B7M','11/08/1968','Insurgentes',83,82,'Napoles','Baja California','11/24/1997','04/20/2001',9304.72,'Sab-Dom-Lun-Mar-Mie',22),
(68,1,'Daniel','Torres','Alvarez','H','JMIB37179837L','12/06/1961','Reforma',76,17,'Santa Fe','Durango','12/24/2001','12/08/2020',9692.36,'Lun-Mar-Mie-Jue-Vie',0),
(69,1,'Enrique','Martinez','Mendoza','X','UNDD747975W87','12/20/1985','Juarez',48,12,'Tacubaya','Campeche','07/28/2002','12/29/2023',8711.64,'Lun-Mar-Mie-Jue-Vie',8),
(70,2,'Sergio','Cruz','Vazquez','X','CCZW540450N4D','02/02/1982','Balderas',03,22,'Santa Fe','Colima','12/07/2002','02/07/2020',8972.43,'Mie-Jue-Vie-Sab-Dom',9),
(71,3,'Jorge','Diaz','Medina','M','FZEQ8504157FB','09/09/1992','Av. Chapultepec',31,68,'Cuauhtemoc','Colima','08/27/2003','11/04/2022',6792.55,'Jue-Vie-Sab-Dom-Lun',18),
(72,2,'Daniel','Santos','Diaz','X','RKFF3239166IV','06/27/1971','Madero',88,22,'Polanco','Campeche','11/21/1973','02/08/1978',8441.37,'Lun-Mar-Mie-Jue-Vie',10),
(73,2,'Daniel','Rivera','Ortiz','X','JLQK44004405K','12/26/1966','Juarez',11,38,'San Jeronimo','Guerrero','11/08/2003','12/21/2020',4938.04,'Dom-Lun-Mar-Mie-Jue',11),
(74,1,'Martha','Sanchez','Chavez','M','NNMT326894ARW','08/03/1964','Juarez',22,57,'Juarez','Durango','06/03/1972','11/27/2013',9041.9,'Vie-Sab-Dom-Lun-Mar',19),
(75,4,'Manuel','Sanchez','Castro','X','NIHV3626239P5','11/05/1986','Juarez',77,51,'Pedregal','Chihuahua','04/22/1999','11/29/2010',6038.61,'Lun-Mar-Mie-Jue-Vie',8),
(76,4,'Javier','Vargas','Torres','H','SONZ9421295ZO','08/08/2000','Juarez',61,65,'San angel','Durango','11/27/2000','12/21/2013',5414.51,'Mie-Jue-Vie-Sab-Dom',6),
(77,1,'Miguel','Sanchez','Fernandez','M','IEXN666621L79','11/23/1962','Juarez',25,21,'Tacubaya','Chiapas','04/06/1980','12/05/2001',7388.98,'Sab-Dom-Lun-Mar-Mie',10),
(78,2,'Leticia','Garcia','Castillo','X','PXVQ5053638RA','01/01/1995','Reforma',49,32,'Condesa','Colima','11/27/2004','05/01/2012',8901.2,'Dom-Lun-Mar-Mie-Jue',3),
(79,5,'Fernando','Perez','Garcia','M','IFWR8628023FY','09/24/1984','Av. Chapultepec',21,59,'Roma','Campeche','07/21/2000','04/06/2002',9458.55,'Jue-Vie-Sab-Dom-Lun',18),
(80,1,'Jorge','Perez','Morales','H','TDME536395WGV','11/03/1960','Insurgentes',14,85,'San angel','Guerrero','12/06/2002','07/21/2012',4181.41,'Jue-Vie-Sab-Dom-Lun',18),
(81,3,'Margarita','Morales','Rios','H','DACC793142F09','03/01/1988','Juarez',18,71,'Anzures','Chihuahua','09/08/2003','12/05/2011',6125.84,'Jue-Vie-Sab-Dom-Lun',8),
(82,6,'Roberto','Mendoza','Rojas','H','PGUD129504Z3A','03/26/1969','Insurgentes',01,83,'Lomas de Chapultepec','Mexico','02/23/2002','11/05/2021',8075.34,'Mie-Jue-Vie-Sab-Dom',2),
(83,1,'Maria','Reyes','Mendoza','M','NYTZ8155380RB','09/27/1985','Av. Chapultepec',43,44,'San angel','Campeche','01/22/2004','04/03/2012',7757.02,'Mar-Mie-Jue-Vie-Sab',4),
(84,7,'David','Jimenez','Chavez','M','XXSA718461I4M','11/03/1978','Av. Chapultepec',87,25,'Portales','Jalisco','12/07/2004','11/04/2011',5794.37,'Mie-Jue-Vie-Sab-Dom',1),
(85,2,'Leticia','Sanchez','Chavez','H','VUEL57838911Q','04/09/1978','Madero',15,43,'Tacubaya','Guerrero','11/23/1998','09/28/2005',6689.17,'Mar-Mie-Jue-Vie-Sab',2),
(86,2,'Eduardo','Cruz','Delgado','H','OLLT971067ZGB','03/29/1975','Insurgentes',18,72,'Mixcoac','Mexico','12/04/1988','01/27/2005',4185.73,'Dom-Lun-Mar-Mie-Jue',23),
(87,4,'Victor','Romero','Delgado','H','RBAR547856116','12/23/1985','Paseo de la Reforma',89,46,'Narvarte','Jalisco','12/24/1990','05/09/2000',6581.16,'Mar-Mie-Jue-Vie-Sab',23),
(88,1,'Antonio','Perez','Rivera','M','BJSZ264857919','12/28/1963','Insurgentes',55,55,'San angel','Guanajuato','09/26/2022','06/24/2023',8642.49,'Jue-Vie-Sab-Dom-Lun',23),
(89,5,'Arturo','Moreno','Cortez','X','VEFD4206757HX','02/04/1981','Av. Chapultepec',57,76,'Condesa','Aguascalientes','12/21/2001','02/28/2001',5709.7,'Jue-Vie-Sab-Dom-Lun',2),
(90,7,'Gloria','Cruz','Romero','H','QIDI614658308','01/24/1974','Juarez',57,34,'Anzures','Colima','04/20/1983','04/25/1996',6460.22,'Dom-Lun-Mar-Mie-Jue',21),
(91,5,'Luis','Perez','Rios','X','GFXC562729885','12/23/1974','Balderas',02,74,'San angel','Guanajuato','06/06/1988','12/20/2021',4557.14,'Mar-Mie-Jue-Vie-Sab',7),
(92,4,'angeloscar','Mendoza','Martinez','X','PPNZ098740656','12/03/1988','Balderas',24,12,'Cuauhtemoc','Chihuahua','03/21/2002','04/26/2023',4368.3,'Lun-Mar-Mie-Jue-Vie',16),
(93,4,'Raul','Rivera','Cortez','X','EXJX926235ZK1','06/26/1965','Insurgentes',39,85,'San angel','Aguascalientes','12/22/2001','03/01/2011',6716.52,'Sab-Dom-Lun-Mar-Mie',0),
(94,7,'Leticia','Hernandez','Suarez','H','GWQW064086L8Y','12/20/1983','Madero',75,33,'Narvarte','Aguascalientes','12/20/1992','02/23/2011',7814.97,'Mie-Jue-Vie-Sab-Dom',14),
(95,5,'Antonio','Morales','Suarez','H','PIDT354558NE7','02/27/1973','Balderas',39,73,'Mixcoac','Durango','11/28/2000','03/23/2011',6852.52,'Vie-Sab-Dom-Lun-Mar',17),
(96,2,'Silvia','Ortiz','Martinez','M','SCFZ494953425','03/03/1973','Tacuba',01,03,'Napoles','Durango','12/06/1999','12/08/2020',8656.86,'Jue-Vie-Sab-Dom-Lun',14),
(97,1,'angeloscar','Santos','Romero','H','GFWI768706V33','04/20/1990','Paseo de la Reforma',09,14,'Roma','Chiapas','12/25/1992','12/29/2005',9147.67,'Sab-Dom-Lun-Mar-Mie',22),
(98,7,'Enrique','Ortiz','Martinez','X','UEOZ621082906','12/07/2000','Av. Chapultepec',57,46,'Coyoacan','Durango','11/23/2012','11/23/2013',6439.52,'Jue-Vie-Sab-Dom-Lun',10),
(99,2,'Manuel','Reyes','Reyes','H','NJGK980573K9J','11/20/1977','Av. Chapultepec',53,01,'San Jeronimo','Coahuila','11/28/1983','07/08/1985',4899.46,'Mar-Mie-Jue-Vie-Sab',11),
(100,3,'Martha','Sanchez','Pena','X','AXBB01245738B','12/29/2000','Reforma',59,79,'Centro Historico','Hidalgo','02/05/2002','02/03/2020',9769.07,'Vie-Sab-Dom-Lun-Mar',4),
(101,6,'Jose','Gonzalez','Pena','X','SIYA532603B80','12/24/1999','Tacuba',43,31,'Lomas de Chapultepec','Mexico','01/26/2003','02/09/2012',5556.23,'Dom-Lun-Mar-Mie-Jue',15),
(102,4,'Norma','Romero','Castillo','M','SDDS1802553I3','11/23/1964','Balderas',05,69,'San Jeronimo','Guanajuato','12/25/1969','06/29/1977',9055.68,'Vie-Sab-Dom-Lun-Mar',17),
(103,1,'Maria','Romero','Morales','X','ORMB156631316','07/26/1962','Hidalgo',05,64,'Centro Historico','Coahuila','06/08/1975','05/29/1994',6358.1,'Dom-Lun-Mar-Mie-Jue',8),
(104,6,'Roberto','Perez','Hernandez','H','TPSS7701518XV','12/02/1992','Paseo de la Reforma',34,57,'Del Valle','Durango','12/04/2005','01/22/2011',4916.65,'Mie-Jue-Vie-Sab-Dom',4),
(105,2,'Francisco','Ramirez','Suarez','H','PMTK448086527','07/05/1965','Insurgentes',85,89,'San angel','Baja California Sur','08/22/1994','11/29/2005',4432.73,'Mie-Jue-Vie-Sab-Dom',14);




-- REGISTROS PARA CORREOS CLIENTES:
INSERT INTO correocliente (idPersona, correo) VALUES
(1, 'cliente1@gmail.com'),
(2, 'cliente2@hotmail.com'),
(3, 'cliente3@yahoo.com'),
(4, 'cliente4@outlook.com'),
(5, 'cliente5@gmail.com'),
(6, 'cliente6@hotmail.com'),
(7, 'cliente7@live.com'),
(8, 'cliente8@gmail.com'),
(9, 'cliente9@yahoo.com'),
(10, 'cliente10@outlook.com'),
(11, 'cliente11@gmail.com'),
(12, 'cliente12@hotmail.com'),
(13, 'cliente13@live.com'),
(14, 'cliente14@gmail.com'),
(15, 'cliente15@yahoo.com'),
(16, 'cliente16@outlook.com'),
(17, 'cliente17@gmail.com'),
(18, 'cliente18@hotmail.com'),
(19, 'cliente19@yahoo.com'),
(20, 'cliente20@live.com'),
(21, 'cliente21@gmail.com'),
(22, 'cliente22@hotmail.com'),
(23, 'cliente23@yahoo.com'),
(24, 'cliente24@outlook.com'),
(25, 'cliente25@gmail.com'),
(26, 'cliente26@hotmail.com'),
(27, 'cliente27@live.com'),
(28, 'cliente28@gmail.com'),
(29, 'cliente29@yahoo.com'),
(30, 'cliente30@outlook.com'),
(31, 'cliente31@gmail.com'),
(32, 'cliente32@hotmail.com'),
(33, 'cliente33@live.com'),
(34, 'cliente34@gmail.com'),
(35, 'cliente35@yahoo.com'),
(36, 'cliente36@outlook.com'),
(37, 'cliente37@gmail.com'),
(38, 'cliente38@hotmail.com'),
(39, 'cliente39@yahoo.com'),
(40, 'cliente40@live.com'),
(41, 'cliente41@gmail.com'),
(42, 'cliente42@hotmail.com'),
(43, 'cliente43@yahoo.com'),
(44, 'cliente44@outlook.com'),
(45, 'cliente45@gmail.com'),
(46, 'cliente46@hotmail.com'),
(47, 'cliente47@live.com'),
(48, 'cliente48@gmail.com'),
(49, 'cliente49@yahoo.com'),
(50, 'cliente50@outlook.com'),
(51, 'cliente51@gmail.com'),
(52, 'cliente52@hotmail.com'),
(53, 'cliente53@yahoo.com'),
(54, 'cliente54@live.com'),
(55, 'cliente55@gmail.com'),
(56, 'cliente56@hotmail.com'),
(57, 'cliente57@outlook.com'),
(58, 'cliente58@gmail.com'),
(59, 'cliente59@yahoo.com'),
(60, 'cliente60@live.com'),
(61, 'cliente61@gmail.com'),
(62, 'cliente62@hotmail.com'),
(63, 'cliente63@yahoo.com'),
(64, 'cliente64@outlook.com'),
(65, 'cliente65@gmail.com'),
(66, 'cliente66@hotmail.com'),
(67, 'cliente67@live.com'),
(68, 'cliente68@gmail.com'),
(69, 'cliente69@yahoo.com'),
(70, 'cliente70@outlook.com'),
(71, 'cliente71@gmail.com'),
(72, 'cliente72@hotmail.com'),
(73, 'cliente73@yahoo.com'),
(74, 'cliente74@live.com'),
(75, 'cliente75@gmail.com'),
(76, 'cliente76@hotmail.com'),
(77, 'cliente77@outlook.com'),
(78, 'cliente78@gmail.com'),
(79, 'cliente79@yahoo.com'),
(80, 'cliente80@live.com'),
(81, 'cliente81@gmail.com'),
(82, 'cliente82@hotmail.com'),
(83, 'cliente83@yahoo.com'),
(84, 'cliente84@outlook.com'),
(85, 'cliente85@gmail.com'),
(86, 'cliente86@hotmail.com'),
(87, 'cliente87@live.com'),
(88, 'cliente88@gmail.com'),
(89, 'cliente89@yahoo.com'),
(90, 'cliente90@outlook.com'),
(91, 'cliente91@gmail.com'),
(92, 'cliente92@hotmail.com'),
(93, 'cliente93@yahoo.com'),
(94, 'cliente94@live.com'),
(95, 'cliente95@gmail.com'),
(96, 'cliente96@hotmail.com'),
(97, 'cliente97@outlook.com'),
(98, 'cliente98@gmail.com'),
(99, 'cliente99@yahoo.com'),
(100, 'cliente100@live.com'),
(101, 'cliente101@gmail.com'),
(102, 'cliente102@hotmail.com'),
(103, 'cliente103@yahoo.com'),
(104, 'cliente104@outlook.com'),
(105, 'cliente105@gmail.com'),
(1, 'cliente11@gmail.com'),
(2, 'cliente22@hotmail.com'),
(3, 'cliente33@yahoo.com'),
(3, 'cliente333@yahoo.com'),
(4, 'cliente44@outlook.com'),
(4, 'cliente444@outlook.com'),
(4, 'cliente4444@outlook.com'),
(5, 'cliente55@gmail.com'),
(6, 'cliente66@hotmail.com'),
(7, 'cliente77@live.com'),
(8, 'cliente88@gmail.com'),
(9, 'cliente99@yahoo.com'),
(10, 'cliente1010@outlook.com');




-- REGISTROS DE CORREO DE PROVEEDORES
INSERT INTO correoproveedor (idPersona, correo) VALUES
(1, 'proveedor1@gmail.com'),
(2, 'proveedor2@hotmail.com'),
(3, 'proveedor3@yahoo.com'),
(4, 'proveedor4@outlook.com'),
(5, 'proveedor5@gmail.com'),
(6, 'proveedor6@hotmail.com'),
(7, 'proveedor7@live.com'),
(8, 'proveedor8@gmail.com'),
(9, 'proveedor9@yahoo.com'),
(10, 'proveedor10@outlook.com'),
(11, 'proveedor11@gmail.com'),
(12, 'proveedor12@hotmail.com'),
(13, 'proveedor13@yahoo.com'),
(14, 'proveedor14@outlook.com'),
(15, 'proveedor15@gmail.com'),
(16, 'proveedor16@hotmail.com'),
(17, 'proveedor17@live.com'),
(18, 'proveedor18@gmail.com'),
(19, 'proveedor19@yahoo.com'),
(20, 'proveedor20@outlook.com'),
(21, 'proveedor21@gmail.com'),
(22, 'proveedor22@hotmail.com'),
(23, 'proveedor23@yahoo.com'),
(24, 'proveedor24@outlook.com'),
(25, 'proveedor25@gmail.com'),
(26, 'proveedor26@hotmail.com'),
(27, 'proveedor27@live.com'),
(28, 'proveedor28@gmail.com'),
(29, 'proveedor29@yahoo.com'),
(30, 'proveedor30@outlook.com'),
(31, 'proveedor31@gmail.com'),
(32, 'proveedor32@hotmail.com'),
(33, 'proveedor33@yahoo.com'),
(34, 'proveedor34@outlook.com'),
(35, 'proveedor35@gmail.com'),
(36, 'proveedor36@hotmail.com'),
(37, 'proveedor37@live.com'),
(38, 'proveedor38@gmail.com'),
(39, 'proveedor39@yahoo.com'),
(40, 'proveedor40@outlook.com'),
(41, 'proveedor41@gmail.com'),
(42, 'proveedor42@hotmail.com'),
(43, 'proveedor43@yahoo.com'),
(44, 'proveedor44@outlook.com'),
(45, 'proveedor45@gmail.com'),
(46, 'proveedor46@hotmail.com'),
(47, 'proveedor47@live.com'),
(48, 'proveedor48@gmail.com'),
(49, 'proveedor49@yahoo.com'),
(50, 'proveedor50@outlook.com'),
(51, 'proveedor51@gmail.com'),
(52, 'proveedor52@hotmail.com'),
(53, 'proveedor53@yahoo.com'),
(54, 'proveedor54@outlook.com'),
(55, 'proveedor55@gmail.com'),
(56, 'proveedor56@hotmail.com'),
(57, 'proveedor57@live.com'),
(58, 'proveedor58@gmail.com'),
(59, 'proveedor59@yahoo.com'),
(60, 'proveedor60@outlook.com'),
(61, 'proveedor61@gmail.com'),
(62, 'proveedor62@hotmail.com'),
(63, 'proveedor63@yahoo.com'),
(64, 'proveedor64@outlook.com'),
(65, 'proveedor65@gmail.com'),
(66, 'proveedor66@hotmail.com'),
(67, 'proveedor67@live.com'),
(68, 'proveedor68@gmail.com'),
(69, 'proveedor69@yahoo.com'),
(70, 'proveedor70@outlook.com'),
(71, 'proveedor71@gmail.com'),
(72, 'proveedor72@hotmail.com'),
(73, 'proveedor73@yahoo.com'),
(74, 'proveedor74@outlook.com'),
(75, 'proveedor75@gmail.com'),
(76, 'proveedor76@hotmail.com'),
(77, 'proveedor77@live.com'),
(78, 'proveedor78@gmail.com'),
(79, 'proveedor79@yahoo.com'),
(80, 'proveedor80@outlook.com'),
(81, 'proveedor81@gmail.com'),
(82, 'proveedor82@hotmail.com'),
(83, 'proveedor83@yahoo.com'),
(84, 'proveedor84@outlook.com'),
(85, 'proveedor85@gmail.com'),
(86, 'proveedor86@hotmail.com'),
(87, 'proveedor87@live.com'),
(88, 'proveedor88@gmail.com'),
(89, 'proveedor89@yahoo.com'),
(90, 'proveedor90@outlook.com'),
(91, 'proveedor91@gmail.com'),
(92, 'proveedor92@hotmail.com'),
(93, 'proveedor93@yahoo.com'),
(94, 'proveedor94@outlook.com'),
(95, 'proveedor95@gmail.com'),
(96, 'proveedor96@hotmail.com'),
(97, 'proveedor97@live.com'),
(98, 'proveedor98@gmail.com'),
(99, 'proveedor99@yahoo.com'),
(100, 'proveedor100@outlook.com'),
(101, 'proveedor101@gmail.com'),
(102, 'proveedor102@hotmail.com'),
(103, 'proveedor103@yahoo.com'),
(104, 'proveedor104@outlook.com'),
(105, 'proveedor105@gmail.com');




INSERT INTO correoveterinario (idPersona, correo) VALUES
(1, 'vet1@gmail.com'),
(2, 'vet2@hotmail.com'),
(3, 'vet3@yahoo.com'),
(4, 'vet4@outlook.com'),
(5, 'vet5@gmail.com'),
(6, 'vet6@hotmail.com'),
(7, 'vet7@live.com'),
(8, 'vet8@gmail.com'),
(9, 'vet9@yahoo.com'),
(10, 'vet10@outlook.com'),
(11, 'vet11@gmail.com'),
(12, 'vet12@hotmail.com'),
(13, 'vet13@yahoo.com'),
(14, 'vet14@outlook.com'),
(15, 'vet15@gmail.com'),
(16, 'vet16@hotmail.com'),
(17, 'vet17@live.com'),
(18, 'vet18@gmail.com'),
(19, 'vet19@yahoo.com'),
(20, 'vet20@outlook.com'),
(21, 'vet21@gmail.com'),
(22, 'vet22@hotmail.com'),
(23, 'vet23@yahoo.com'),
(24, 'vet24@outlook.com'),
(25, 'vet25@gmail.com'),
(26, 'vet26@hotmail.com'),
(27, 'vet27@live.com'),
(28, 'vet28@gmail.com'),
(29, 'vet29@yahoo.com'),
(30, 'vet30@outlook.com'),
(31, 'vet31@gmail.com'),
(32, 'vet32@hotmail.com'),
(33, 'vet33@yahoo.com'),
(34, 'vet34@outlook.com'),
(35, 'vet35@gmail.com'),
(36, 'vet36@hotmail.com'),
(37, 'vet37@live.com'),
(38, 'vet38@gmail.com'),
(39, 'vet39@yahoo.com'),
(40, 'vet40@outlook.com'),
(41, 'vet41@gmail.com'),
(42, 'vet42@hotmail.com'),
(43, 'vet43@yahoo.com'),
(44, 'vet44@outlook.com'),
(45, 'vet45@gmail.com'),
(46, 'vet46@hotmail.com'),
(47, 'vet47@live.com'),
(48, 'vet48@gmail.com'),
(49, 'vet49@yahoo.com'),
(50, 'vet50@outlook.com'),
(51, 'vet51@gmail.com'),
(52, 'vet52@hotmail.com'),
(53, 'vet53@yahoo.com'),
(54, 'vet54@outlook.com'),
(55, 'vet55@gmail.com'),
(56, 'vet56@hotmail.com'),
(57, 'vet57@live.com'),
(58, 'vet58@gmail.com'),
(59, 'vet59@yahoo.com'),
(60, 'vet60@outlook.com'),
(61, 'vet61@gmail.com'),
(62, 'vet62@hotmail.com'),
(63, 'vet63@yahoo.com'),
(64, 'vet64@outlook.com'),
(65, 'vet65@gmail.com'),
(66, 'vet66@hotmail.com'),
(67, 'vet67@live.com'),
(68, 'vet68@gmail.com'),
(69, 'vet69@yahoo.com'),
(70, 'vet70@outlook.com'),
(71, 'vet71@gmail.com'),
(72, 'vet72@hotmail.com'),
(73, 'vet73@yahoo.com'),
(74, 'vet74@outlook.com'),
(75, 'vet75@gmail.com'),
(76, 'vet76@hotmail.com'),
(77, 'vet77@live.com'),
(78, 'vet78@gmail.com'),
(79, 'vet79@yahoo.com'),
(80, 'vet80@outlook.com'),
(81, 'vet81@gmail.com'),
(82, 'vet82@hotmail.com'),
(83, 'vet83@yahoo.com'),
(84, 'vet84@outlook.com'),
(85, 'vet85@gmail.com'),
(86, 'vet86@hotmail.com'),
(87, 'vet87@live.com'),
(88, 'vet88@gmail.com'),
(89, 'vet89@yahoo.com'),
(90, 'vet90@outlook.com'),
(91, 'vet91@gmail.com'),
(92, 'vet92@hotmail.com'),
(93, 'vet93@yahoo.com'),
(94, 'vet94@outlook.com'),
(95, 'vet95@gmail.com'),
(96, 'vet96@hotmail.com'),
(97, 'vet97@live.com'),
(98, 'vet98@gmail.com'),
(99, 'vet99@yahoo.com'),
(100, 'vet100@outlook.com'),
(101, 'vet101@gmail.com'),
(102, 'vet102@hotmail.com'),
(103, 'vet103@yahoo.com'),
(104, 'vet104@outlook.com'),
(105, 'vet105@gmail.com');




-- REGISTROS PARA CORREO CUIDADOR
INSERT INTO correocuidador (idPersona, correo) VALUES
(1, 'cuidador1@gmail.com'),
(2, 'cuidador2@hotmail.com'),
(3, 'cuidador3@yahoo.com'),
(4, 'cuidador4@outlook.com'),
(5, 'cuidador5@gmail.com'),
(6, 'cuidador6@hotmail.com'),
(7, 'cuidador7@live.com'),
(8, 'cuidador8@gmail.com'),
(9, 'cuidador9@yahoo.com'),
(10, 'cuidador10@outlook.com'),
(11, 'cuidador11@gmail.com'),
(12, 'cuidador12@hotmail.com'),
(13, 'cuidador13@yahoo.com'),
(14, 'cuidador14@outlook.com'),
(15, 'cuidador15@gmail.com'),
(16, 'cuidador16@hotmail.com'),
(17, 'cuidador17@live.com'),
(18, 'cuidador18@gmail.com'),
(19, 'cuidador19@yahoo.com'),
(20, 'cuidador20@outlook.com'),
(21, 'cuidador21@gmail.com'),
(22, 'cuidador22@hotmail.com'),
(23, 'cuidador23@yahoo.com'),
(24, 'cuidador24@outlook.com'),
(25, 'cuidador25@gmail.com'),
(26, 'cuidador26@hotmail.com'),
(27, 'cuidador27@live.com'),
(28, 'cuidador28@gmail.com'),
(29, 'cuidador29@yahoo.com'),
(30, 'cuidador30@outlook.com'),
(31, 'cuidador31@gmail.com'),
(32, 'cuidador32@hotmail.com'),
(33, 'cuidador33@yahoo.com'),
(34, 'cuidador34@outlook.com'),
(35, 'cuidador35@gmail.com'),
(36, 'cuidador36@hotmail.com'),
(37, 'cuidador37@live.com'),
(38, 'cuidador38@gmail.com'),
(39, 'cuidador39@yahoo.com'),
(40, 'cuidador40@outlook.com'),
(41, 'cuidador41@gmail.com'),
(42, 'cuidador42@hotmail.com'),
(43, 'cuidador43@yahoo.com'),
(44, 'cuidador44@outlook.com'),
(45, 'cuidador45@gmail.com'),
(46, 'cuidador46@hotmail.com'),
(47, 'cuidador47@live.com'),
(48, 'cuidador48@gmail.com'),
(49, 'cuidador49@yahoo.com'),
(50, 'cuidador50@outlook.com'),
(51, 'cuidador51@gmail.com'),
(52, 'cuidador52@hotmail.com'),
(53, 'cuidador53@yahoo.com'),
(54, 'cuidador54@outlook.com'),
(55, 'cuidador55@gmail.com'),
(56, 'cuidador56@hotmail.com'),
(57, 'cuidador57@live.com'),
(58, 'cuidador58@gmail.com'),
(59, 'cuidador59@yahoo.com'),
(60, 'cuidador60@outlook.com'),
(61, 'cuidador61@gmail.com'),
(62, 'cuidador62@hotmail.com'),
(63, 'cuidador63@yahoo.com'),
(64, 'cuidador64@outlook.com'),
(65, 'cuidador65@gmail.com'),
(66, 'cuidador66@hotmail.com'),
(67, 'cuidador67@live.com'),
(68, 'cuidador68@gmail.com'),
(69, 'cuidador69@yahoo.com'),
(70, 'cuidador70@outlook.com'),
(71, 'cuidador71@gmail.com'),
(72, 'cuidador72@hotmail.com'),
(73, 'cuidador73@yahoo.com'),
(74, 'cuidador74@outlook.com'),
(75, 'cuidador75@gmail.com'),
(76, 'cuidador76@hotmail.com'),
(77, 'cuidador77@live.com'),
(78, 'cuidador78@gmail.com'),
(79, 'cuidador79@yahoo.com'),
(80, 'cuidador80@outlook.com'),
(81, 'cuidador81@gmail.com'),
(82, 'cuidador82@hotmail.com'),
(83, 'cuidador83@yahoo.com'),
(84, 'cuidador84@outlook.com'),
(85, 'cuidador85@gmail.com'),
(86, 'cuidador86@hotmail.com'),
(87, 'cuidador87@live.com'),
(88, 'cuidador88@gmail.com'),
(89, 'cuidador89@yahoo.com'),
(90, 'cuidador90@outlook.com'),
(91, 'cuidador91@gmail.com'),
(92, 'cuidador92@hotmail.com'),
(93, 'cuidador93@yahoo.com'),
(94, 'cuidador94@outlook.com'),
(95, 'cuidador95@gmail.com'),
(96, 'cuidador96@hotmail.com'),
(97, 'cuidador97@live.com'),
(98, 'cuidador98@gmail.com'),
(99, 'cuidador99@yahoo.com'),
(100, 'cuidador100@outlook.com'),
(101, 'cuidador101@gmail.com'),
(102, 'cuidador102@hotmail.com'),
(103, 'cuidador103@yahoo.com'),
(104, 'cuidador104@outlook.com'),
(105, 'cuidador105@gmail.com');



-- REGISTROS PARA TELEFONO CUIDADOR:
INSERT INTO telefonoCuidador (idPersona, telefono) VALUES
(1, 9222555108),
(2, 3735647611),
(3, 3607664390),
(4, 5986016363),
(5, 5839936542),
(6, 8751301187),
(7, 3982753075),
(8, 4758890012),
(9, 2689728675),
(10, 1381788722),
(11, 7247195687),
(12, 9297778429),
(13, 7772328673),
(14, 3739084855),
(15, 5923987265),
(16, 1959835072),
(17, 4119885612),
(18, 7371765059),
(19, 5733551162),
(20, 6818435088),
(21, 8166920003),
(22, 1424560221),
(23, 8656996306),
(24, 8792300903),
(25, 2391289779),
(26, 5557550329),
(27, 3745140016),
(28, 8407565193),
(29, 9522173572),
(30, 7287196361),
(31, 7905364828),
(32, 6309637095),
(33, 2254487692),
(34, 6583793665),
(35, 6845912076),
(36, 9577245431),
(37, 7614297175),
(38, 3429549016),
(39, 4358402340),
(40, 4875773617),
(41, 8601776083),
(42, 4555522660),
(43, 1926257625),
(44, 7797730101),
(45, 4491629119),
(46, 9827311509),
(47, 3123722664),
(48, 9485950444),
(49, 7087870865),
(50, 9385365370),
(51, 8805057832),
(52, 1342670642),
(53, 1247370231),
(54, 1127462902),
(55, 7044121955),
(56, 2036514862),
(57, 5138944844),
(58, 6331816016),
(59, 9104368093),
(60, 9716111676),
(61, 6395634805),
(62, 3746947735),
(63, 3344662685),
(64, 4748165890),
(65, 1349764953),
(66, 1736694590),
(67, 5406327539),
(68, 7483326430),
(69, 7391928554),
(70, 6903169576),
(71, 8658478841),
(72, 8096948116),
(73, 9505753862),
(74, 6044956042),
(75, 2595038516),
(76, 9154071645),
(77, 6649408177),
(78, 5916382385),
(79, 6198551249),
(80, 8102263102),
(81, 3157648273),
(82, 2902791676),
(83, 8864475121),
(84, 7863979774),
(85, 3518219960),
(86, 9435177513),
(87, 1272159162),
(88, 7019089722),
(89, 2469902684),
(90, 1461934475),
(91, 2806573058),
(92, 7867023753),
(93, 9533889913),
(94, 5506300615),
(95, 6628748073),
(96, 9849434348),
(97, 4314482886),
(98, 1323576063),
(99, 4762240713),
(100, 1448512152),
(101, 1152368992),
(102, 2386278934),
(103, 4926265760),
(104, 4081297414),
(105, 6687411489);


-- REGISTROS PARA TELEFONO VETERINARIO:
INSERT INTO telefonoVeterinario (idPersona, telefono) VALUES
(1, 2885151721),
(2, 2827287908),
(3, 4061139819),
(4, 8309864738),
(5, 4442596671),
(6, 5222468915),
(7, 8186659745),
(8, 3496615801),
(9, 1591238887),
(10, 9629420556),
(11, 3055659229),
(12, 7345890419),
(13, 3896364898),
(14, 8001178379),
(15, 1502451430),
(16, 3654319722),
(17, 6412782881),
(18, 9666694872),
(19, 8852387802),
(20, 4956681143),
(21, 1536092745),
(22, 3799507006),
(23, 5942924269),
(24, 8502200631),
(25, 2248613893),
(26, 9144991619),
(27, 6265891405),
(28, 6449021912),
(29, 1268538118),
(30, 8835462975),
(31, 2705674514),
(32, 1554181716),
(33, 6056761203),
(34, 4454679233),
(35, 1206192339),
(36, 7177970998),
(37, 5117071074),
(38, 3831471767),
(39, 7138744519),
(40, 3542570039),
(41, 7563439594),
(42, 7025810531),
(43, 2825036821),
(44, 4952647848),
(45, 1967176882),
(46, 2641028464),
(47, 7993830791),
(48, 2992410246),
(49, 3672963586),
(50, 6833867852),
(51, 8007818004),
(52, 3623128386),
(53, 3151553425),
(54, 8316628836),
(55, 3564238694),
(56, 8398436718),
(57, 2768114508),
(58, 1412805624),
(59, 1914342062),
(60, 4059522778),
(61, 1994094672),
(62, 8204854486),
(63, 4244347208),
(64, 9387651704),
(65, 1721295769),
(66, 3309498579),
(67, 3106169849),
(68, 7563335597),
(69, 9819562269),
(70, 3837915383),
(71, 4653454138),
(72, 9764111177),
(73, 1823667102),
(74, 8843537720),
(75, 7706734912),
(76, 7546430287),
(77, 9632576768),
(78, 1562893555),
(79, 1023695662),
(80, 2679284233),
(81, 7716601339),
(82, 5085936527),
(83, 6005064963),
(84, 9852587441),
(85, 7026476703),
(86, 2627026988),
(87, 6055035019),
(88, 7532860442),
(89, 4036444085),
(90, 5265822395),
(91, 9307534040),
(92, 5685491555),
(93, 2189741799),
(94, 1706357910),
(95, 1842222931),
(96, 4054403274),
(97, 1865206058),
(98, 7977731992),
(99, 5483512873),
(100, 4155052816),
(101, 9018435572),
(102, 8654923924),
(103, 8437451924),
(104, 6186725420),
(105, 1983496545);

-- REGISTROS PARA TELEFONO VETERINARIO:
INSERT INTO telefonoProveedor (idPersona, telefono) VALUES
(1, 2664154098),
(2, 1059296854),
(3, 3096772614),
(4, 7759925154),
(5, 3181797171),
(6, 3262966607),
(7, 3512361371),
(8, 9626339754),
(9, 5773585773),
(10, 2915748202),
(11, 4772279868),
(12, 2096144689),
(13, 1824835031),
(14, 8179132146),
(15, 7206362189),
(16, 2184903525),
(17, 4864280223),
(18, 1272475641),
(19, 2132692967),
(20, 3969788068),
(21, 3874690361),
(22, 2467791137),
(23, 8779955731),
(24, 2609388978),
(25, 3048258908),
(26, 8764450957),
(27, 9031636430),
(28, 5756310597),
(29, 9113113711),
(30, 5189763080),
(31, 8091062877),
(32, 3939401861),
(33, 3926908647),
(34, 2768174951),
(35, 3802746915),
(36, 3914440222),
(37, 4175137853),
(38, 7497522443),
(39, 6089485958),
(40, 9814284200),
(41, 6381535510),
(42, 6316713948),
(43, 9968593634),
(44, 9466579671),
(45, 4712258749),
(46, 4717801194),
(47, 2202410322),
(48, 9343709111),
(49, 4153383833),
(50, 7443382245),
(51, 3432038005),
(52, 1416944032),
(53, 4524418202),
(54, 7022656085),
(55, 5017447893),
(56, 8111030229),
(57, 2131508873),
(58, 2355347327),
(59, 7657394078),
(60, 3502462598),
(61, 1836381635),
(62, 5856421176),
(63, 1504907665),
(64, 2087560311),
(65, 7167785451),
(66, 9538785904),
(67, 4065849942),
(68, 2685286815),
(69, 8283719208),
(70, 3298479456),
(71, 2334713715),
(72, 7014987173),
(73, 7145265312),
(74, 5164037671),
(75, 3143452947),
(76, 6379302879),
(77, 3635117358),
(78, 1422091654),
(79, 5014415925),
(80, 8954866912),
(81, 9362415541),
(82, 7546901977),
(83, 2143582806),
(84, 2653780502),
(85, 3566059200),
(86, 3584219230),
(87, 5774152727),
(88, 8002031242),
(89, 3404811826),
(90, 4485256501),
(91, 1817695331),
(92, 2124097576),
(93, 5761566040),
(94, 8982572665),
(95, 9473552357),
(96, 3154644438),
(97, 5271199950),
(98, 6872910755),
(99, 1123884294),
(100, 3604365327),
(101, 2126039893),
(102, 8964740560),
(103, 5356835864),
(104, 6526276553),
(105, 4677015459);


-- REGISTROS PARA TELEFONO CLIENTES:
INSERT INTO telefonoCliente (idPersona, telefono) VALUES
(1, 2075850336),
(2, 1934538336),
(3, 1688087547),
(4, 3524033076),
(5, 8534698544),
(6, 7061662254),
(7, 7967609472),
(8, 7357715257),
(9, 9768725971),
(10, 6927093594),
(11, 8868958490),
(12, 8188371428),
(13, 5945423467),
(14, 1559909702),
(15, 5903027901),
(16, 9579957553),
(17, 6569352566),
(18, 7254589163),
(19, 1818912832),
(20, 5048256646),
(21, 7732346000),
(22, 2145616353),
(23, 9417882423),
(24, 5029560987),
(25, 6831583299),
(26, 8094713695),
(27, 6787829323),
(28, 6624759493),
(29, 9636546480),
(30, 6005273047),
(31, 7671293102),
(32, 4653534897),
(33, 3727734691),
(34, 9051950306),
(35, 4088285565),
(36, 3041320719),
(37, 1675161895),
(38, 4222159287),
(39, 5996961691),
(40, 4108471553),
(41, 4547775057),
(42, 8484055624),
(43, 7643829982),
(44, 7726842735),
(45, 2341120786),
(46, 3929563662),
(47, 5163629348),
(48, 7396993268),
(49, 9867254819),
(50, 7407627643),
(51, 6065964545),
(52, 8078115131),
(53, 4619625573),
(54, 2662011408),
(55, 9059342029),
(56, 3665470116),
(57, 5423980189),
(58, 3862893777),
(59, 8055137802),
(60, 9648480930),
(61, 1789012473),
(62, 9206636168),
(63, 2618971800),
(64, 2773464263),
(65, 4046598541),
(66, 6311070459),
(67, 7013161929),
(68, 6597671752),
(69, 2234318923),
(70, 1764068174),
(71, 3575018027),
(72, 7231162362),
(73, 2337716547),
(74, 4156234134),
(75, 3035353218),
(76, 2023164232),
(77, 7548854058),
(78, 2382443738),
(79, 3217371584),
(80, 7816703153),
(81, 2468316415),
(82, 9251774208),
(83, 5436170323),
(84, 1905504392),
(85, 5919810779),
(86, 3653337605),
(87, 3866761013),
(88, 1404401279),
(89, 1596708927),
(90, 9653242725),
(91, 3412317277),
(92, 1278815962),
(93, 8862817206),
(94, 7423980726),
(95, 8136121009),
(96, 3228204949),
(97, 9253142085),
(98, 3551116843),
(99, 7917794995),
(100, 2032452194),
(101, 1704524315),
(102, 8785051389),
(103, 4717044864),
(104, 9617316723),
(105, 4206936697);

--
-- REGISTROS PARA ASISTIR CLIENTES:
INSERT INTO asistirCliente (idPersona, idEvento) VALUES
(1, 48),
(2, 5),
(3, 73),
(4, 98),
(5, 100),
(6, 79),
(7, 70),
(8, 80),
(9, 32),
(10, 29),
(11, 75),
(12, 49),
(13, 25),
(14, 78),
(15, 98),
(16, 29),
(17, 17),
(18, 35),
(19, 30),
(20, 11),
(21, 25),
(22, 91),
(23, 60),
(24, 82),
(25, 64),
(26, 75),
(27, 12),
(28, 34),
(29, 86),
(30, 93),
(31, 95),
(32, 71),
(33, 89),
(34, 71),
(35, 18),
(36, 28),
(37, 34),
(38, 42),
(39, 78),
(40, 43),
(41, 3),
(42, 35),
(43, 45),
(44, 47),
(45, 17),
(46, 6),
(47, 89),
(48, 74),
(49, 83),
(50, 70),
(51, 3),
(52, 21),
(53, 80),
(54, 7),
(55, 63),
(56, 22),
(57, 78),
(58, 68),
(59, 41),
(60, 40),
(61, 94),
(62, 8),
(63, 79),
(64, 27),
(65, 15),
(66, 1),
(67, 87),
(68, 39),
(69, 85),
(70, 74),
(71, 6),
(72, 34),
(73, 67),
(74, 77),
(75, 6),
(76, 6),
(77, 34),
(78, 77),
(79, 77),
(80, 60),
(81, 18),
(82, 72),
(83, 17),
(84, 36),
(85, 98),
(86, 41),
(87, 94),
(88, 44),
(89, 6),
(90, 30),
(91, 85),
(92, 51),
(93, 10),
(94, 64),
(95, 20),
(96, 28),
(97, 57),
(98, 99),
(99, 63),
(100, 67),
(101, 56),
(102, 1),
(103, 42),
(104, 40),
(105, 75);


-- REGISTROS PARA ASISTIR PROVEEDOR:
INSERT INTO asistirProveedor (idPersona, IdEvento) VALUES
(1, 77),
(2, 46),
(3, 39),
(4, 43),
(5, 72),
(6, 81),
(7, 6),
(8, 76),
(9, 90),
(10, 85),
(11, 76),
(12, 86),
(13, 3),
(14, 76),
(15, 52),
(16, 37),
(17, 95),
(18, 99),
(19, 6),
(20, 75),
(21, 15),
(22, 24),
(23, 66),
(24, 49),
(25, 2),
(26, 76),
(27, 2),
(28, 70),
(29, 92),
(30, 7),
(31, 94),
(32, 5),
(33, 67),
(34, 26),
(35, 6),
(36, 8),
(37, 27),
(38, 97),
(39, 7),
(40, 99),
(41, 84),
(42, 10),
(43, 44),
(44, 72),
(45, 52),
(46, 70),
(47, 47),
(48, 71),
(49, 59),
(50, 33),
(51, 37),
(52, 94),
(53, 25),
(54, 9),
(55, 82),
(56, 54),
(57, 74),
(58, 33),
(59, 3),
(60, 63),
(61, 14),
(62, 18),
(63, 75),
(64, 92),
(65, 42),
(66, 63),
(67, 52),
(68, 28),
(69, 50),
(70, 5),
(71, 14),
(72, 15),
(73, 52),
(74, 11),
(75, 23),
(76, 23),
(77, 17),
(78, 38),
(79, 96),
(80, 67),
(81, 81),
(82, 31),
(83, 74),
(84, 50),
(85, 80),
(86, 70),
(87, 22),
(88, 3),
(89, 75),
(90, 79),
(91, 8),
(92, 80),
(93, 55),
(94, 42),
(95, 39),
(96, 37),
(97, 56),
(98, 100),
(99, 82),
(100, 20),
(101, 86),
(102, 5),
(103, 94),
(104, 1),
(105, 42);



-- REGISTROS PARA ASISTIR VETERINARIO:
INSERT INTO asistirVeterinario (idPersona, idEvento) VALUES
(1, 71),
(2, 52),
(3, 79),
(4, 80),
(5, 69),
(6, 58),
(7, 1),
(8, 77),
(9, 28),
(10, 77),
(11, 25),
(12, 84),
(13, 62),
(14, 47),
(15, 86),
(16, 50),
(17, 83),
(18, 45),
(19, 13),
(20, 8),
(21, 59),
(22, 79),
(23, 93),
(24, 71),
(25, 12),
(26, 46),
(27, 21),
(28, 97),
(29, 48),
(30, 73),
(31, 29),
(32, 89),
(33, 6),
(34, 30),
(35, 8),
(36, 2),
(37, 93),
(38, 84),
(39, 78),
(40, 47),
(41, 77),
(42, 12),
(43, 45),
(44, 25),
(45, 99),
(46, 65),
(47, 24),
(48, 44),
(49, 27),
(50, 82),
(51, 51),
(52, 33),
(53, 41),
(54, 7),
(55, 54),
(56, 19),
(57, 46),
(58, 65),
(59, 40),
(60, 73),
(61, 39),
(62, 14),
(63, 92),
(64, 13),
(65, 4),
(66, 54),
(67, 94),
(68, 72),
(69, 10),
(70, 80),
(71, 18),
(72, 74),
(73, 99),
(74, 97),
(75, 17),
(76, 58),
(77, 14),
(78, 7),
(79, 83),
(80, 30),
(81, 35),
(82, 22),
(83, 73),
(84, 10),
(85, 25),
(86, 42),
(87, 36),
(88, 27),
(89, 68),
(90, 1),
(91, 37),
(92, 52),
(93, 41),
(94, 72),
(95, 46),
(96, 1),
(97, 33),
(98, 59),
(99, 41),
(100, 2),
(101, 62),
(102, 65),
(103, 26),
(104, 64),
(105, 51);


-- REGISTROS PARA ASISTIR CUIDADOR:
INSERT INTO asistirCuidador (idPersona, idEvento) VALUES
(1, 33),
(2, 77),
(3, 33),
(4, 22),
(5, 57),
(6, 75),
(7, 51),
(8, 29),
(9, 19),
(10, 13),
(11, 86),
(12, 74),
(13, 27),
(14, 26),
(15, 89),
(16, 79),
(17, 26),
(18, 83),
(19, 52),
(20, 96),
(21, 76),
(22, 57),
(23, 66),
(24, 9),
(25, 49),
(26, 98),
(27, 61),
(28, 27),
(29, 96),
(30, 4),
(31, 23),
(32, 40),
(33, 83),
(34, 54),
(35, 58),
(36, 54),
(37, 82),
(38, 89),
(39, 8),
(40, 39),
(41, 6),
(42, 62),
(43, 64),
(44, 91),
(45, 51),
(46, 66),
(47, 99),
(48, 63),
(49, 73),
(50, 85),
(51, 21),
(52, 70),
(53, 81),
(54, 43),
(55, 94),
(56, 73),
(57, 91),
(58, 4),
(59, 15),
(60, 31),
(61, 89),
(62, 6),
(63, 95),
(64, 40),
(65, 13),
(66, 49),
(67, 75),
(68, 32),
(69, 60),
(70, 37),
(71, 2),
(72, 40),
(73, 79),
(74, 98),
(75, 2),
(76, 64),
(77, 4),
(78, 15),
(79, 5),
(80, 75),
(81, 89),
(82, 86),
(83, 30),
(84, 61),
(85, 18),
(86, 34),
(87, 97),
(88, 85),
(89, 60),
(90, 41),
(91, 78),
(92, 99),
(93, 97),
(94, 31),
(95, 42),
(96, 24),
(97, 68),
(98, 81),
(99, 99),
(100, 85),
(101, 81),
(102, 86),
(103, 82),
(104, 89),
(105, 93);


-- REGISTROS PARA LOS ALIMENTOS
INSERT INTO alimento (idInsumo, idPersona, nombre, fechaCaducidad, cantidad, refrigeracion, tipoAlim) VALUES
(1, 1, 'Carne de res', '2023-11-20', 500, true, 'carnes'),
(2, 2, 'Pescado', '2023-10-15', 300, true, 'carnes'),
(3, 3, 'Pollo', '2023-12-05', 400, true, 'carnes'),
(4, 4, 'Cerdos', '2023-09-30', 600, true, 'carnes'),
(5, 5, 'Calabazas', '2023-11-10', 800, true, 'vegetales'),
(6, 6, 'Sandia', '2023-12-25', 350, true, 'frutas'),
(7, 7, 'Pienso', '2023-10-31', 1000, false, 'alimento seco'),
(8, 8, 'Heno', '2023-11-15', 900, true, 'alimento seco'),
(9, 9, 'Larvas', '2023-11-01', 700, false, 'insectos'),
(10, 10, 'Alpiste', '2023-12-10', 450, false, 'semillas'),
(11, 11, 'Pescado', '2023-12-05', 550, true, 'carnes'),
(12, 12, 'Zanahorias', '2023-11-30', 700, true, 'vegetales'),
(13, 13, 'Pollo', '2023-11-20', 450, true, 'carnes'),
(14, 14, 'Cerdos', '2023-11-15', 600, true, 'carnes'),
(15, 15, 'Manzana', '2023-10-10', 300, true, 'frutas'),
(16, 16, 'Pienso', '2023-10-25', 1000, false, 'alimento seco'),
(17, 17, 'Heno', '2023-11-05', 900, true, 'alimento seco'),
(18, 18, 'Grillo', '2023-09-30', 700, true, 'insectos'),
(19, 19, 'Mijo', '2023-11-30', 450, true, 'semillas'),
(20, 20, 'Carne de res', '2023-12-31', 500, false, 'carnes'),
(21, 21, 'Calabazas de Alta Gamma', '2023-10-01', 800, true, 'vegetales'),
(22, 22, 'Pienso', '2023-11-10', 1000, false, 'alimento seco'),
(23, 23, 'Heno', '2023-12-20', 900, true, 'alimento seco'),
(24, 24, 'Cerdos', '2023-10-05', 600, true, 'carnes'),
(25, 25, 'Pescado', '2023-11-30', 350, true, 'carnes'),
(26, 26, 'Cañamo', '2023-12-15', 450, true, 'semillas'),
(27, 27, 'Larvas', '2023-12-25', 700, true, 'insectos'),
(28, 28, 'Pienso', '2023-12-10', 1000, false, 'alimento seco'),
(29, 29, 'Mango', '2023-10-31', 300, true, 'frutas'),
(30, 30, 'Pienso', '2023-11-15', 900, true, 'alimento seco'),
(31, 31, 'Cerdos', '2023-10-20', 600, true, 'carnes'),
(32, 32, 'Heno', '2023-11-25', 900, true, 'alimento seco'),
(33, 33, 'Larvas', '2023-11-05', 700, true, 'insectos'),
(34, 34, 'Mijo', '2023-10-10', 450, true, 'semillas'),
(35, 35, 'Apio', '2023-12-01', 800, true, 'vegetales'),
(36, 36, 'Manzana', '2023-12-05', 350, true, 'frutas'),
(37, 37, 'Carne de res', '2023-12-10', 500, false, 'carnes'),
(38, 38, 'Pollo', '2023-10-30', 400, true, 'carnes'),
(39, 39, 'Pienso', '2023-11-20', 1000, false, 'alimento seco'),
(40, 40, 'Heno', '2023-11-25', 900, true, 'alimento seco'),
(41, 41, 'Pescado', '2023-11-15', 300, true, 'carnes'),
(42, 42, 'Alpiste', '2023-11-01', 450, true, 'semillas'),
(43, 43, 'Chapulin', '2023-12-05', 700, true, 'insectos'),
(44, 44, 'Cerdos', '2023-10-25', 600, true, 'carnes'),
(45, 45, 'Espinacas', '2023-11-30', 800, true, 'vegetales'),
(46, 46, 'Sandia', '2023-12-10', 350, true, 'frutas'),
(47, 47, 'Pienso','2023-10-15',1000,false,'alimento seco'),
(48, 48, 'Heno','2023-11-01',900,true,'alimento seco'),
(49, 49, 'Girasol','2023-11-20',450,true,'semillas'),
(50, 50, 'Chapulin','2023-10-10',700,true,'insectos'),
(51, 51, 'Cerdos','2023-11-10',600,true,'carnes'),
(52, 52, 'Brocoli','2023-12-05',800,true,'vegetales'),
(53, 53, 'Platano','2023-12-20',350,true,'frutas'),
(54, 54, 'Alpiste','2023-12-10',450,true,'semillas'),
(55, 55, 'Larvas','2023-11-15',700,true,'insectos'),
(56, 56, 'Pienso','2023-10-31',1000,false,'alimento seco'),
(57, 57, 'Heno','2023-11-25',900,true,'alimento seco'),
(58, 58, 'Carne de res','2023-10-20',500,false,'carnes'),
(59, 59, 'Pescado','2023-12-01',300,true,'carnes'),
(60, 60, 'Pollo','2023-12-15',400,true,'carnes'),
(61, 61, 'Cerdos','2023-10-05',600,true,'carnes'),
(62, 62, 'Mijo','2023-11-30',450,true,'semillas'),
(63, 63, 'Grillo','2023-12-25',700,true,'insectos'),
(64, 64, 'Pienso','2023-11-10',1000,false,'alimento seco'),
(65, 65, 'Platano','2023-10-15',300,true,'frutas'),
(66, 66, 'Pienso','2023-11-20',900,true,'alimento seco'),
(67, 67, 'Col rizada','2023-10-01',800,true,'vegetales'),
(68, 68, 'Carne de res','2023-12-31',500,false,'carnes'),
(69, 69, 'Pollo','2023-10-30',400,true,'carnes'),
(70, 70, 'Heno','2023-11-15',900,true,'alimento seco'),
(71, 71, 'Pescado','2023-11-20',300,true,'carnes'),
(72, 72, 'Girasol','2023-12-10',450,true,'semillas'),
(73, 73, 'Grillo','2023-11-15',700,true,'insectos'),
(74, 74, 'Pienso','2023-10-31',1000,false,'alimento seco'),
(75, 75, 'Cerdos','2023-11-05',600,true,'carnes'),
(76, 76, 'Pimientos Rojos','2023-10-25',800,true,'vegetales'),
(77, 77, 'Manzana','2023-11-30',350,true,'frutas'),
(78, 78, 'Carne de res','2023-12-10',500,false,'carnes'),
(79, 79, 'Pescado','2023-10-31',300,true,'carnes'),
(80, 80, 'Alpiste','2023-11-25',450,true,'semillas'),
(81, 81, 'Larvas','2023-11-05',700,true,'insectos'),
(82, 82, 'Pienso','2023-10-15',1000,false,'alimento seco'),
(83, 83, 'Heno','2023-11-01',900,true,'alimento seco'),
(84, 84, 'Lechuga Poderosa','2023-11-20',800,true,'vegetales'),
(85, 85, 'Cerdos','2023-10-10',600,true,'carnes'),
(86, 86, 'Sandia','2023-12-01',300,true,'frutas'),
(87, 87, 'Pienso','2023-11-15',900,true,'alimento seco'),
(88, 88, 'Carne de res','2023-10-20',500,false,'carnes'),
(89, 89, 'Pollo','2023-11-25',400,true,'carnes'),
(90, 90, 'Heno','2023-12-15',900,true,'alimento seco'),
(91, 91, 'Pescado','2023-10-05',300,true,'carnes'),
(92, 92, 'Cañamo','2023-11-30',450,true,'semillas'),
(93, 93, 'Grillo','2023-12-25',700,true,'insectos'),
(94, 94, 'Pienso','2023-11-10',1000,false,'alimento seco'),
(95, 95, 'Calabacines','2023-10-15',800,true,'vegetales'),
(96, 96, 'Mango','2023-11-20',350,true,'frutas'),
(97, 97, 'Carne de res','2023-12-31',500,false,'carnes'),
(98, 98, 'Pollo','2023-10-01',400,true,'carnes'),
(99, 99, 'Cerdos','2023-12-05',600,true,'carnes'),
(100, 100,'Heno','2023-10-30',900,true,'alimento seco'),
(101, 1, 'Carne de res', '2023-11-20', 500, true, 'carnes'),
(102, 2, 'Pescado', '2023-10-15', 300, true, 'carnes'),
(103, 3, 'Pollo', '2023-12-05', 400, true, 'carnes'),
(104, 4, 'Cerdos', '2023-09-30', 600, true, 'carnes'),
(105, 5, 'Pepinos', '2023-11-10', 800, true, 'vegetales'),
(106, 6, 'Platano', '2023-12-25', 350, true, 'frutas'),
(107, 7, 'Pienso', '2023-10-31', 1000, false, 'alimento seco'),
(108, 8, 'Heno', '2023-11-15', 900, true, 'alimento seco'),
(109, 9, 'Chapulin', '2023-11-01', 700, false, 'insectos'),
(110, 10, 'Cañamo', '2023-12-10', 450, false, 'semillas'),
(111, 1, 'Mango', '2023-10-10', 300, true, 'frutas');



-- REGISTRO PARA ANIMALES
INSERT INTO animal (idAnimal, nombre, especie, alimentacion, sexo, peso, altura, idPersona) VALUES
-- 1) Desierto
(41, 'Coyote', 'Canis latrans', 'Omnivoro', 'M', 20, 0.6, 72),
(42, 'Camello', 'Camelus', 'Herbivoro', 'H', 900, 2.2, 45),
(43, 'Serpiente de Cascabel', 'Crotalus', 'Carnivoro', 'H', 5, 0.3, 54),
(44, 'Jabali del Desierto', 'Sus scrofa', 'Omnivoro', 'H', 30, 0.7, 60),
(45, 'Guepardo', 'Acinonyx jubatus', 'Carnivoro', 'M', 65, 0.9, 80),
(46, 'Ave del Roadrunner', 'Geococcyx californianus', 'Omnivoro', 'M', 1, 0.3, 35),
(47, 'Iguana del Desierto', 'Dipsosaurus dorsalis', 'Herbivoro', 'H', 2, 0.4, 30),
(48, 'Fenec', 'Vulpes zerda', 'Omnivoro', 'H', 3, 0.3, 25),
(49, 'aguila Real', 'Aquila chrysaetos', 'Carnivoro', 'H', 5, 0.7, 70),
(50, 'Escarabajo del Desierto', 'Eleodes', 'Herbivoro', 'M', 0.1, 0.1, 42),


-- 2) Pastizales
(1, 'Leon', 'Africano', 'Carnivoro', 'M', 180, 1.2, 96), 
(3, 'Elefante', 'Africano', 'Herbivoro', 'M', 4500, 3.5, 68),
(4, 'Jirafa', 'Reticulada', 'Herbivoro', 'H', 1200, 6.1, 90),
(6, 'Cebra', 'Perisodactilo', 'Herbivoro', 'H', 450, 1.5, 99),
(9, 'Hipopotamo', 'Hippopotamus amphibius', 'Herbivoro', 'M', 1500, 1.8, 69),
(15, 'Canguro', 'Macropus rufus', 'Herbivoro', 'H', 55, 1.5, 17),
(17, 'Elefante Asiatico', 'Elephas maximus', 'Herbivoro', 'H', 4000, 2.7, 41),
(20, 'Rinoceronte Blanco', 'Ceratotherium simum', 'Herbivoro', 'M', 2300, 1.8, 36),
(80, 'Gacela', 'Gazella', 'Herbivoro', 'H', 60, 1.0, 75), ----------------
(81, 'Ñandu', 'Rhea', 'Herbivoro', 'M', 40, 1.7, 55),


-- 3) Franja costera
(18, 'Tortuga Marina', 'Chelonia mydas', 'Omnivoro', 'H', 150, 0.9, 26),
(51, 'Leon Marino', 'Otariinae', 'Piscivoro', 'M', 300, 1.8, 75),
(52, 'Tortuga Marina', 'Cheloniidae', 'Herbivoro', 'H', 150, 1.2, 58),
(53, 'Pelicano', 'Pelecanidae', 'Piscivoro', 'H', 5, 0.5, 72),
(54, 'Cangrejo Ermitaño', 'Paguroidea', 'Omnivoro', 'M', 0.2, 0.1, 40),
(55, 'Delfin Nariz de Botella', 'Tursiops truncatus', 'Piscivoro', 'M', 200, 2.0, 65),
(56, 'Gaviota', 'Laridae', 'Omnivoro', 'H', 1, 0.4, 48),
(57, 'Pulpo de Anillos Azules', 'Hapalochlaena', 'Carnivoro', 'M', 0.3, 0.2, 30),
(58, 'Tiburon Martillo', 'Sphyrnidae', 'Piscivoro', 'H', 400, 2.5, 58),
(59, 'Cangrejo Violinista', 'Uca', 'Omnivoro', 'M', 0.1, 0.1, 25),
(60, 'Tortuga Carey', 'Eretmochelys imbricata', 'Herbivoro', 'H', 80, 0.8, 55),


-- 4) Tundra
(2, 'Tigre', 'Polar', 'Carnivoro', 'H', 250, 1.3, 86), 
(7, 'Oso Polar', 'Ursus maritimus', 'Carnivoro', 'H', 450, 2.5, 63),
(8, 'Zorro Artico', 'Vulpes lagopus', 'Carnivoro', 'M', 10, 0.5, 52),
(14, 'Lobo Gris', 'Canis lupus', 'Carnivoro', 'M', 35, 0.8, 65),
(19, 'Pinguino Emperador', 'Aptenodytes forsteri', 'Piscivoro', 'M', 40, 1.1, 95),
(71, 'Lemming', 'Lemmus', 'Herbivoro', 'M', 0.1, 0.1, 15),
(72, 'Buho Nival', 'Bubo scandiacus', 'Carnivoro', 'H', 2, 0.3, 40),
(73, 'Caribu', 'Rangifer tarandus', 'Herbivoro', 'H', 180, 1.2, 55),
(74, 'Oso Polar', 'Ursus maritimus', 'Carnivoro', 'H', 450, 2.5, 63),
(75, 'ansar Nival', 'Anser indicus', 'Herbivoro', 'M', 8, 0.6, 45),
(76, 'Renacuajo de Salamandra', 'Ambystoma maculatum', 'Carnivoro', 'H', 0.02, 0.05, 18),
(77, 'Gaviota Tridactila', 'Rissa tridactyla', 'Piscivoro', 'H', 0.5, 0.4, 35),
(78, 'Morsa', 'Odobenus rosmarus', 'Piscivoro', 'H', 1500, 3.0, 70),
(79, 'Liebre artica', 'Lepus arcticus', 'Herbivoro', 'M', 4, 0.3, 35),





-- 5) Aviario
(21, 'Canario', 'Serinus canaria', 'Granivoro', 'M', 0.02, 0.1, 21),
(22, 'Tucan', 'Ramphastidae', 'Frugivoro', 'H', 0.5, 0.4, 22),
(23, 'Pavo real', 'Pavo cristatus', 'Omnivoro', 'M', 6, 1.2, 23),
(24, 'Colibri de garganta rubi', 'Archilochus colubris', 'Nectarivoro', 'H', 0.004, 0.1, 24),
(25, 'Buho real', 'Bubo bubo', 'Carnivoro', 'M', 4, 0.6, 25),
(26, 'aguila calva', 'Haliaeetus leucocephalus', 'Carnivoro', 'H', 6.3, 0.8, 26),
(27, 'Cigüeña blanca', 'Ciconia ciconia', 'Omnivoro', 'M', 4.5, 1.2, 27),
(28, 'Flamenco rosa', 'Phoenicopterus roseus', 'Omnivoro', 'H', 3.5, 1.4, 28),
(29, 'Cuervo comun', 'Corvus corax', 'Omnivoro', 'M', 1.2, 0.7, 29),
(30, 'Albatros errante', 'Diomedea exulans', 'Piscivoro', 'H', 8.5, 2.1, 30),
(31, 'Loro', 'Psittacoidea', 'Omnivoro', 'M', 0.3, 0.3, 31),
(32, 'Gavilan', 'Accipiter gentilis', 'Carnivoro', 'H', 1, 0.5, 32),
(33, 'Perico', 'Melopsittacus undulatus', 'Granivoro', 'M', 0.03, 0.2, 33),
(34, 'Ave del Paraiso', 'Paradisaeidae', 'Frugivoro', 'H', 0.1, 0.3, 34),
(35, 'Lechuza comun', 'Tyto alba', 'Carnivoro', 'M', 0.5, 0.4, 35),
(36, 'Cardenal norteño', 'Cardinalis cardinalis', 'Granivoro', 'H', 0.03, 0.2, 36),
(37, 'Pajaro carpintero', 'Picidae', 'Insectivoro', 'M', 0.1, 0.3, 37),
(38, 'Gorrion', 'Passeridae', 'Omnivoro', 'H', 0.02, 0.1, 38),
(39, 'Avestruz', 'Struthio camelus', 'Omnivoro', 'M', 100, 2.5, 39),
(40, 'Halcon peregrino', 'Falco peregrinus', 'Carnivoro', 'H', 1, 0.4, 40),

-- 6) Bosque templado
(11, 'Leopardo', 'Panthera pardus', 'Carnivoro', 'H', 90, 0.9, 43),
(12, 'Panda', 'Ailuropoda melanoleuca', 'Herbivoro', 'M', 160, 1.0, 73),
(13, 'Koala', 'Phascolarctos cinereus', 'Herbivoro', 'H', 8, 0.6, 15),
(61, 'Ciervo de Virginia', 'Odocoileus virginianus', 'Herbivoro', 'H', 150, 1.5, 60),
(62, 'Ardilla Gris', 'Sciurus carolinensis', 'Omnivoro', 'M', 0.5, 0.3, 25),
(63, 'Lince Rojo', 'Lynx rufus', 'Carnivoro', 'H', 10, 0.6, 40),
(64, 'Mapache', 'Procyon lotor', 'Omnivoro', 'M', 7, 0.4, 30),
(65, 'Lechuza Comun', 'Tyto alba', 'Carnivoro', 'H', 1, 0.3, 40),
(66, 'Oso Negro', 'Ursus americanus', 'Omnivoro', 'H', 300, 1.8, 70),
(67, 'Zorro Rojo', 'Vulpes vulpes', 'Omnivoro', 'M', 8, 0.5, 35),
(68, 'Ave Carpintera', 'Picidae', 'Omnivoro', 'H', 0.2, 0.2, 25),
(69, 'Castor Americano', 'Castor canadensis', 'Herbivoro', 'M', 20, 1.0, 45),
(70, 'Coyote del Este', 'Canis latrans thamnos', 'Omnivoro', 'M', 25, 0.7, 50),
(82, 'Quokka', 'Setonix brachyurus', 'Herbivoro', 'H', 5, 0.3, 40),
-- 

-- 7) Bosque tropical
(5, 'Mono', 'Capuchino', 'Omnivoro', 'M', 4, 1.2, 50),
(10, 'Gorila', 'Gorilla gorilla', 'Omnivoro', 'M', 200, 1.1, 25),
(16, 'Orangutan', 'Pongo pygmaeus', 'Frugivoro', 'M', 80, 1.2, 62);




-- REGISTRO PARA JAULA
INSERT INTO jaula (numJaula, idAnimal, idBioma) VALUES
(1, 1, 2),
(2, 2, 4),
(3, 3, 2),
(4, 4, 2),
(5, 5, 7),
(6, 6, 2),
(7, 7, 4),
(8, 8, 4),
(9, 9, 2),
(10, 10, 7),
(11, 11, 6),
(12, 12, 6),
(13, 13, 6),
(14, 14, 4),
(15, 15, 2),
(16, 16, 7),
(17, 17, 2),
(18, 18, 3),
(19, 19, 4),
(20, 20, 2),
(21, 21, 5),
(22, 22, 5),
(23, 23, 5),
(24, 24, 5),
(25, 25, 5),
(26, 26, 5),
(27, 27, 5),
(28, 28, 5),
(29, 29, 5),
(30, 30, 5),
(31, 31, 5),
(32, 32, 5),
(33, 33, 5), 
(34, 34, 5),
(35, 35, 5),
(36, 36, 5),
(37, 37, 5),
(38, 38, 5),
(39, 39, 5),
(40, 40, 5),
(41, 41, 1),
(42, 42, 1),
(43, 43, 1),
(44, 44, 1),
(45, 45, 1),
(46, 46, 1),
(47, 47, 1),
(48, 48, 1),
(49, 49, 1),
(50, 50, 1),
(51, 51, 3),
(52, 52, 3),
(53, 53, 3),
(54, 54, 3),
(55, 55, 3),
(56, 56, 3),
(57, 57, 3),
(58, 58, 3),
(59, 59, 3),
(60, 60, 3),
(61, 61, 6),
(62, 62, 6),
(63, 63, 6),
(64, 64, 6),
(65, 65, 6),
(66, 66, 6),
(67, 67, 6),
(68, 68, 6),
(69, 69, 6),
(70, 70, 6),
(71, 71, 4),
(72, 72, 4),
(73, 73, 4),
(74, 74, 4),
(75, 75, 4),
(76, 76, 4),
(77, 77, 4),
(78, 78, 4),
(79, 79, 4),
(80, 80, 2),
(81, 81, 2),
(82, 82, 6);




-- REGISTRO PARA ALIMENTAR
INSERT INTO alimentar (idAnimal, idInsumo) VALUES
(1, 1), 
(2, 3), 
(3, 21), 
(4, 5), 
(5, 6), 
(6, 8),
(7, 20), 
(8, 2), 
(9, 29), 
(10, 86),
(11, 24), 
(12, 46),
(13, 8), 
(14, 38), 
(15, 35), 
(16, 96), 
(17, 106), 
(18, 36),
(19, 41),
(20, 52),
(21, 10), 
(22, 19), 
(23, 26), 
(24, 34), 
(25, 42), 
(26, 49),
(27, 54), 
(28, 62), 
(29, 72), 
(30, 80),
(31, 92), 
(32, 110);

-- REGISTRO PARA ATENDER
INSERT INTO atender (idPersona, idAnimal, indicacionesMedicas) VALUES
(25, 19, 'Servicio dental'),
(61, 9, 'Desparacitacion'),
(4,	18, 'Bano'),
(55, 17, 'Bano'),
(100, 9, 'Revision anual'),
(23, 2, 'Servicio dental'),
(84, 13, 'Vacunas'),
(22, 11, 'Control de peso'),
(53, 6, 'Bano'),
(14, 16, 'Examen medico'),
(2,	17, 'Revision anual'),
(100, 2, 'Vacuna'),
(81, 5, 'Examen medico'),
(88, 10, 'Vacuna'),
(59, 16, 'Herida '),
(13, 3, 'Servicio dental'),
(92, 12, 'Servicio dental'),
(49, 5, 'Ojo inflamado'),
(28, 7, 'Vacuna'),
(50, 19, 'Fractura'),
(89, 30, 'Herida'),
(45, 39, 'Servicio dental'),
(84, 12, 'Revision anual'),
(100, 82, 'Revision anual'),
(75, 62, 'Fractura'),
(83, 41, 'Ojo inflamado'),
(65, 25, 'Fractura'),
(103, 24, 'Herida'),
(10, 3, 'Revision anual'),
(48, 15, 'Control de peso'),
(26, 47, 'desparacitacion'),
(87, 64, 'Bano'),
(39, 59, 'Bano');

-- REGISTRO DE NOTIFICACION
INSERT INTO notificacion (idEvento, idNotificacion) VALUES
(95, 1),
(45, 2),
(77, 3),
(30, 4),
(68, 5),
(12, 6),
(83, 7),
(50, 8),
(21, 9),
(36, 10),
(94, 11),
(3, 12),
(61, 13),
(89, 14),
(24, 15),
(74, 16),
(52, 17),
(41, 18),
(98, 19),
(14, 20),
(64, 21),
(80, 22),
(8, 23),
(56, 24),
(19, 25),
(100, 26),
(65, 27),
(27, 28),
(73, 29),
(5, 30),
(49, 31),
(92, 32),
(10, 33),
(31, 34),
(81, 35),
(40, 36),
(70, 37),
(96, 38),
(47, 39),
(75, 40),
(38, 41),
(23, 42),
(3, 43),
(66, 44),
(16, 45),
(59, 46),
(85, 47),
(33, 48),
(7, 49),
(53, 50),
(25, 51),
(71, 52),
(2, 53),
(48, 54),
(18, 55),
(37, 56),
(78, 57),
(15, 58),
(29, 59),
(60, 60),
(84, 61),
(42, 62),
(20, 63),
(72, 64),
(46, 65),
(13, 66),
(79, 67),
(55, 68),
(9, 69),
(35, 70),
(43, 71),
(58, 72),
(69, 73),
(32, 74),
(6, 75),
(93, 76),
(88, 77),
(63, 78),
(74, 79),
(22, 80),
(1, 81),
(67, 82),
(87, 83),
(34, 84),
(51, 85),
(12, 86),
(95, 87),
(86, 88),
(45, 89),
(82, 90),
(17, 91),
(48, 92),
(11, 93),
(11, 94),
(99, 95),
(76, 96),
(62, 97),
(28, 98),
(54, 99),
(44, 100),
(91, 101),
(13, 102),
(57, 103),
(26, 104),
(97, 105);


-- REGISTRO DE NOTIFICAR
INSERT INTO notificar (idPersona, idNotificacion, idEvento) VALUES
(82 , 81, 1),
(95 , 81, 1),
(65 , 81, 1),
(46 , 81, 1),
(99 , 81, 1),
(100, 81, 1),
(83 , 81, 1),
(49 , 81, 1),
(30 , 81, 1),
(71 , 81, 1),
(26 , 30, 5),
(2  , 30, 5),
(41 , 30, 5),
(11 , 30, 5),
(21 , 30, 5),
(89 , 30, 5),
(45 , 30, 5),
(93 , 30, 5),
(61 , 30, 5),
(70 , 30, 5),
(17 , 63, 20),
(45 , 63, 20),
(66 , 63, 20),
(57 , 63, 20),
(56 , 63, 20),
(89 , 63, 20),
(51 , 63, 20),
(1  , 63, 20),
(45 , 63, 20),
(9  , 63, 20),
(89 , 28, 27),
(97 , 28, 27),
(61 , 28, 27),
(66 , 28, 27),
(34 , 28, 27),
(19 , 28, 27),
(39 , 28, 27),
(78 , 28, 27),
(50 , 28, 27),
(44 , 28, 27),
(81 , 70, 35),
(7  , 70, 35),
(75 , 70, 35),
(58 , 70, 35),
(81 , 70, 35),
(14 , 70, 35),
(28 , 70, 35),
(52 , 70, 35),
(55 , 70, 35),
(48 , 70, 35),
(72 , 100, 44),
(87 , 100, 44),
(29 , 100, 44),
(35 , 100, 44),
(76 , 100, 44),
(100, 100, 44),
(13 , 100, 44),
(70 , 100, 44),
(58 , 100, 44),
(34 , 100, 44),
(99 , 54, 48),
(50 , 54, 48),
(24 , 54, 48),
(90 , 54, 48),
(52 , 54, 48),
(14 , 54, 48),
(71 , 54, 48),
(1  , 54, 48),
(78 , 54, 48),
(41 , 54, 48),
(39 , 68, 55),
(1  , 68, 55),
(18 , 68, 55),
(1  , 68, 55),
(44 , 68, 55),
(31 , 68, 55),
(61 , 68, 55),
(77 , 68, 55),
(11 , 68, 55),
(96 , 68, 55),
(44 , 52, 71),
(78 , 52, 71),
(90 , 52, 71),
(55 , 52, 71),
(54 , 52, 71),
(36 , 52, 71),
(21 , 52, 71),
(36 , 52, 71),
(58 , 52, 71),
(48 , 52, 71),
(4  , 77, 88),
(58 , 77, 88),
(35 , 77, 88),
(37 , 77, 88),
(21 , 77, 88),
(87 , 77, 88),
(47 , 77, 88),
(4  , 77, 88),
(74 , 77, 88),
(66 , 77, 88),
(3  , 101, 91),
(53 , 101, 91),
(63 , 101, 91),
(73 , 101, 91),
(32 , 101, 91);

-- REGISTRO DE TICKET 
INSERT INTO ticket (idTicket, idServicio, idPersona, fecha, porcentajeDesc) VALUES
(1, 3, 73, '11/05/2021', 4),
(2, 2, 41, '01/18/2023', 25),
(3, 1, 95, '09/12/2020', 14),
(4, 3, 12, '07/30/2022', 48),
(5, 2, 68, '04/26/2021', 37),
(6, 1, 29, '12/03/2020', 20),
(7, 2, 56, '02/14/2022', 13),
(8, 1, 84, '09/01/2021', 22),
(9, 3, 5, '03/21/2023', 42),
(10, 1, 102, '06/08/2022', 41),
(11, 2, 50, '08/17/2020', 23),
(12, 1, 36, '02/19/2023', 11),
(13, 2, 7, '03/15/2020', 9),
(14, 3, 65, '09/28/2022', 14),
(15, 2, 18, '05/02/2021', 28),
(16, 1, 96, '11/20/2020', 3),
(17, 3, 43, '10/13/2022', 46),
(18, 2, 67, '10/28/2020', 35),
(19, 1, 1, '12/30/2022', 26),
(20, 3, 53, '01/24/2021', 45),
(21, 1, 101, '03/09/2023', 7),
(22, 2, 21, '04/17/2020', 18),
(23, 3, 83, '07/07/2021', 36),
(24, 1, 72, '08/26/2022', 29),
(25, 2, 46, '12/25/2021', 44),
(26, 3, 20, '04/15/2022', 5),
(27, 1, 45, '02/02/2020', 34),
(28, 2, 25, '01/04/2023', 27),
(29, 3, 79, '07/11/2020', 7),
(30, 1, 13, '11/14/2021', 20),
(31, 2, 14, '05/31/2022', 16),
(32, 3, 32, '03/22/2023', 15),
(33, 1, 48, '03/01/2022', 38),
(34, 2, 93, '06/29/2020', 5),
(35, 1, 92, '08/07/2021', 41),
(36, 3, 19, '02/28/2022', 13),
(37, 1, 33, '09/13/2020', 33),
(38, 2, 37, '02/06/2023', 12),
(39, 3, 4, '11/19/2022', 24),
(40, 1, 61, '01/06/2020', 16),
(41, 2, 88, '05/14/2022', 1),
(42, 3, 76, '02/10/2021', 29),
(43, 1, 62, '11/30/2020', 47),
(44, 2, 28, '12/16/2021', 10),
(45, 3, 71, '01/26/2022', 14),
(46, 1, 66, '10/24/2020', 42),
(47, 2, 64, '09/19/2021', 2),
(48, 3, 89, '03/05/2023', 19),
(49, 1, 3, '07/06/2021', 38),
(50, 2, 47, '10/29/2020', 26),
(51, 1, 6, '01/30/2023', 15),
(52, 3, 40, '09/15/2020', 3),
(53, 1, 15, '07/11/2022', 1),
(54, 2, 57, '12/12/2021', 33),
(55, 3, 26, '11/16/2022', 10),
(56, 1, 38, '09/06/2020', 22),
(57, 2, 35, '01/17/2022', 11),
(58, 1, 105, '05/23/2021', 28),
(59, 3, 55, '04/22/2020', 32),
(60, 1, 22, '03/06/2021', 48),
(61, 2, 87, '02/12/2023', 19),
(62, 3, 44, '06/16/2020', 29),
(63, 1, 24, '05/01/2021', 15),
(64, 2, 42, '08/18/2020', 37),
(65, 3, 9, '07/30/2022', 17),
(66, 1, 70, '01/09/2021', 50),
(67, 2, 78, '03/21/2020', 22),
(68, 1, 82, '06/08/2020', 1),
(69, 3, 69, '01/14/2022', 42),
(70, 1, 60, '08/23/2020', 35),
(71, 2, 97, '03/18/2022', 7),
(72, 3, 30, '11/26/2021', 45),
(73, 1, 16, '02/16/2022', 1),
(74, 2, 99, '11/02/2020', 11),
(75, 3, 58, '02/07/2022', 2),
(76, 1, 59, '04/19/2020', 49),
(77, 2, 8, '10/14/2022', 18),
(78, 3, 74, '09/02/2021', 46),
(79, 1, 91, '06/03/2022', 40),
(80, 2, 81, '12/20/2020', 29),
(81, 3, 49, '08/31/2022', 7),
(82, 1, 77, '04/07/2021', 32),
(83, 2, 23, '02/28/2020', 11),
(84, 1, 31, '03/15/2021', 41),
(85, 3, 85, '11/23/2022', 6),
(86, 1, 86, '01/01/2020', 13),
(87, 2, 94, '05/09/2022', 27),
(88, 3, 54, '12/27/2020', 43),
(89, 1, 10, '04/05/2022', 14),
(90, 2, 63, '07/13/2020', 49),
(91, 3, 34, '06/11/2022', 25),
(92, 1, 98, '03/04/2021', 42),
(93, 2, 51, '09/27/2020', 8),
(94, 3, 27, '08/25/2022', 37),
(95, 1, 80, '05/28/2021', 19),
(96, 2, 90, '04/24/2020', 7),
(97, 3, 75, '03/20/2022', 32),
(98, 1, 104, '02/18/2023', 20),
(99, 2, 103, '01/12/2021', 12),
(100, 3, 100, '10/07/2022', 45),
(101, 1, 79, '05/15/2021', 28),
(102, 2, 39, '11/09/2020', 22),
(103, 3, 17, '07/22/2022', 11),
(104, 1, 52, '02/08/2023', 49),
(105, 2, 68, '09/04/2020', 13);

-- REGISTRO DE MEDICINA 
INSERT INTO medicina (idInsumo, idPersona, nombre, fechCaducidad, cantidad, refrigeracion, labProd, lote) VALUES
(1, 47, 'Paracetamol', '07/23/2012', 3, False, 'Lab14', '02/15/2022'),
(2, 103, 'Ibuprofeno', '05/02/2015', 2, True, 'Lab15', '05/12/2022'),
(3, 15, 'Amoxicilina', '11/04/2019', 1, True, 'Lab4', '11/30/2020'),
(4, 78, 'Omeprazol', '09/15/2007', 5, False, 'Lab17', '08/22/2022'),
(5, 92, 'Aspirina', '05/02/2015', 4, True, 'Lab1', '09/18/2020'),
(6, 34, 'Loratadina', '08/10/2006', 1, False, 'Lab8', '06/27/2021'),
(7, 51, 'Cetirizina', '12/18/2018', 3, True, 'Lab11', '04/09/2021'),
(8, 20, 'Diazepam', '03/29/2011', 5, False, 'Lab13', '10/14/2022'),
(9, 65, 'Metformina', '06/07/2023', 2, True, 'Lab2', '07/03/2021'),
(10, 89, 'Atorvastatina', '01/12/2008', 4, False, 'Lab10', '11/22/2021'),
(11, 12, 'Insulina', '04/09/2017', 3, False, 'Lab6', '03/01/2020'),
(12, 41, 'Ranitidina', '10/30/2014', 1, True, 'Lab18', '09/17/2021'),
(13, 74, 'Escitalopram', '02/14/2010', 5, True, 'Lab20', '12/08/2020'),
(14, 2, 'Tramadol', '09/21/2018', 2, False, 'Lab19', '08/11/2022'),
(15, 98, 'Clonazepam', '07/03/2005', 3, True, 'Lab3', '03/24/2022'),
(16, 63, 'Sertralina', '12/25/2016', 4, True, 'Lab5', '09/26/2022'),
(17, 28, 'Furosemida', '08/19/2014', 1, False, 'Lab12', '12/29/2021'),
(18, 54, 'Losartan', '11/08/2010', 5, True, 'Lab7', '11/02/2022'),
(19, 87, 'Ciprofloxacino', '06/16/2019', 3, True, 'Lab16', '08/07/2021'),
(20, 39, 'Montelukast', '01/27/2006', 4, False, 'Lab9', '06/14/2023'),
(21, 83, 'Warfarina', '03/05/2015', 2, False, 'Lab15', '05/29/2020'),
(22, 45, 'Amlodipino', '05/11/2013', 5, False, 'Lab2', '08/09/2021'),
(23, 76, 'Fluoxetina', '09/02/2009', 2, True, 'Lab4', '11/25/2020'),
(24, 17, 'Prednisona', '07/30/2012', 4, False, 'Lab13', '09/21/2020'),
(25, 93, 'Lansoprazol', '10/14/2018', 1, False, 'Lab1', '03/15/2022'),
(26, 29, 'Carvedilol', '04/22/2011', 3, True, 'Lab16', '04/27/2022'),
(27, 61, 'Fenitoina', '06/28/2017', 5, True, 'Lab14', '05/11/2021'),
(28, 9, 'Levotiroxina', '12/09/2013', 1, True, 'Lab10', '01/21/2022'),
(29, 36, 'Clindamicina', '03/16/2016', 2, True, 'Lab7', '04/13/2021'),
(30, 71, 'Metronidazol', '02/01/2010', 4, True, 'Lab8', '09/16/2023'),
(31, 50, 'Doxiciclina', '05/14/2014', 3, True, 'Lab6', '02/07/2023'),
(32, 7, 'Pantoprazol', '11/23/2008', 5, True, 'Lab11', '03/12/2022'),
(33, 25, 'Gabapentina', '09/05/2017', 2, True, 'Lab13', '11/05/2020'),
(34, 48, 'Mirtazapina', '02/17/2012', 1, False, 'Lab15', '02/10/2021'),
(35, 6, 'Candesartan', '04/29/2016', 4, True, 'Lab19', '06/21/2021'),
(36, 84, 'Alprazolam', '10/08/2013', 3, True, 'Lab20', '12/19/2020'),
(37, 31, 'Ceftriaxona', '12/13/2011', 5, False, 'Lab9', '09/05/2021'),
(38, 80, 'Citalopram', '08/26/2015', 2, True, 'Lab18', '04/28/2022'),
(39, 3, 'Fluconazol', '01/30/2007', 4, False, 'Lab16', '02/03/2023'),
(40, 64, 'Tamsulosina', '07/04/2019', 1, True, 'Lab12', '06/09/2021'),
(41, 99, 'Fexofenadina', '03/19/2010', 3, True, 'Lab3', '08/12/2020'),
(42, 10, 'Escitalopram', '11/22/2016', 5, False, 'Lab5', '10/25/2022'),
(43, 59, 'Paroxetina', '06/01/2014', 2, True, 'Lab20', '05/13/2022'),
(44, 21, 'Metoclopramida', '09/10/2018', 4, False, 'Lab9', '04/05/2021'),
(45, 69, 'Mometasona', '12/15/2011', 1, True, 'Lab18', '06/14/2023'),
(46, 38, 'Hidroclorotiazida', '05/27/2017', 3, False, 'Lab16', '12/20/2020'),
(47, 94, 'Morfina', '03/03/2009', 5, True, 'Lab14', '04/18/2023'),
(48, 57, 'Simvastatina', '08/16/2012', 2, False, 'Lab15', '06/21/2021'),
(49, 72, 'Letrozol', '01/08/2016', 4, False, 'Lab2', '07/25/2022'),
(50, 16, 'Memantina', '04/21/2013', 1, False, 'Lab13', '01/11/2021'),
(51, 5, 'Amiodarona', '10/28/2007', 3, True, 'Lab12', '09/08/2022'),
(52, 91, 'Duloxetina', '02/06/2015', 2, True, 'Lab7', '06/28/2022'),
(53, 40, 'Fosinopril', '06/13/2010', 4, True, 'Lab18', '10/30/2022'),
(54, 88, 'Clobetasol', '09/20/2014', 5, False, 'Lab19', '09/23/2021'),
(55, 27, 'Naproxeno', '07/03/2006', 1, False, 'Lab1', '06/07/2023'),
(56, 7, 'Risperidona', '12/12/2012', 3, True, 'Lab16', '02/13/2023'),
(57, 46, 'Tolterodina', '11/24/2017', 2, False, 'Lab2', '05/29/2022'),
(58, 66, 'Valsartan', '03/31/2011', 4, False, 'Lab13', '01/01/2022'),
(59, 82, 'Levetiracetam', '05/08/2016', 5, True, 'Lab5', '07/19/2022'),
(60, 30, 'Mupirocina', '01/14/2008', 3, False, 'Lab11', '11/04/2022'),
(61, 13, 'Cefalexina', '04/26/2014', 1, True, 'Lab10', '10/09/2020'),
(62, 68, 'Perindopril', '09/05/2018', 4, False, 'Lab6', '03/01/2022'),
(63, 95, 'Budesonida', '07/19/2010', 2, False, 'Lab8', '10/05/2022'),
(64, 33, 'Ritonavir', '10/27/2015', 5, True, 'Lab7', '04/14/2022'),
(65, 49, 'Etinilestradiol', '02/02/2009', 3, True, 'Lab16', '09/09/2021'),
(66, 22, 'Olanzapina', '06/10/2014', 1, False, 'Lab12', '07/06/2021'),
(67, 70, 'Cefuroxima', '09/13/2017', 4, True, 'Lab3', '11/05/2022'),
(68, 4, 'Desloratadina', '12/21/2013', 3, False, 'Lab5', '02/27/2021'),
(69, 55, 'Fentanilo', '04/03/2010', 2, False, 'Lab20', '03/13/2020'),
(70, 19, 'Pregabalina', '08/09/2015', 5, True, 'Lab9', '01/15/2023'),
(71, 100, 'Ciproheptadina', '01/16/2012', 1, False, 'Lab18', '08/03/2020'),
(72, 77, 'Clotrimazol', '05/27/2017', 4, True, 'Lab16', '01/02/2022'),
(73, 32, 'Bupropion', '11/05/2013', 2, False, 'Lab2', '05/21/2023'),
(74, 75, 'Ezetimiba', '03/12/2008', 5, True, 'Lab19', '06/16/2022'),
(75, 90, 'Doxorrubicina', '06/13/2014', 1, False, 'Lab20', '11/04/2020'),
(76, 23, 'Fluticasona', '09/02/2009', 3, True, 'Lab9', '10/18/2021'),
(77, 8, 'Irbesartan', '07/30/2012', 4, True, 'Lab10', '02/02/2023'),
(78, 96, 'Hidrocodona', '10/14/2018', 2, False, 'Lab18', '04/19/2022'),
(79, 60, 'Etoricoxib', '04/22/2011', 5, True, 'Lab7', '11/28/2021'),
(80, 24, 'Bimatoprost', '06/28/2017', 3, True, 'Lab16', '07/12/2020'),
(81, 81, 'Vareniclina', '12/09/2013', 1, False, 'Lab5', '04/04/2021'),
(82, 35, 'Pramipexol', '03/16/2016', 4, True, 'Lab19', '08/10/2022'),
(83, 18, 'Moxifloxacino', '02/01/2010', 5, True, 'Lab2', '21/05/2023'),
(84, 56, 'Alendronato', '05/14/2014', 2, False, 'Lab13', '09/11/2020'),
(85, 73, 'Cefpodoxima', '11/23/2008', 3, True, 'Lab1', '18/09/2022'),
(86, 1, 'Eplerenona', '09/05/2017', 1, False, 'Lab10', '03/08/2021'),
(87, 53, 'Meloxicam', '02/17/2012', 4, True, 'Lab7', '12/06/2023'),
(88, 14, 'Dextrometorfano', '04/29/2016', 5, False, 'Lab16', '24/03/2020'),
(89, 67, 'Trimetoprima', '10/08/2013', 1, False, 'Lab12', '16/01/2021'),
(90, 42, 'Tenofovir', '12/13/2011', 3, True, 'Lab3', '07/05/2022'),
(91, 26, 'Gliclazida', '08/26/2015', 4, False, 'Lab8', '30/11/2021'),
(92, 85, 'Olmesartan', '01/30/2007', 2, True, 'Lab18', '19/07/2022'),
(93, 44, 'Enalapril', '07/04/2019', 5, True, 'Lab7', '28/02/2023'),
(94, 79, 'Lamotrigina', '03/19/2010', 3, True, 'Lab16', '15/09/2020'),
(95, 97, 'Levocetirizina', '11/22/2016', 1, False, 'Lab2', '02/04/2022'),
(96, 11, 'Dapagliflozina', '06/01/2014', 4, True, 'Lab13', '26/12/2021'),
(97, 58, 'Tiotropio', '09/10/2018', 3, False, 'Lab15', '09/10/2020'),
(98, 86, 'Mometasona', '12/15/2011', 2, True, 'Lab20', '14/08/2022'),
(99, 37, 'Hidroquinona', '05/27/2017', 5, True, 'Lab9', '06/06/2023'),
(100, 52, 'Eszopiclona', '03/03/2009', 1, False, 'Lab18', '01/02/2021');



-- REGISTRO DE SUBMINISTRAR
INSERT INTO subministrar (idAnimal, idInsumo) VALUES
(1, 52),
(20, 32),
(15, 34),
(10, 85),
(8, 42),
(16, 85),
(13, 12),
(1, 89),
(16, 10),
(12, 49),
(5, 26),
(12, 53),
(18, 30),
(20, 99),
(16, 62);
